Date,Open,High,Low,Close,Volume
2025-02-18T20:30:00.000Z,139.52999877929688,139.72000122070312,137.9250030517578,139.41000366210938,0
2025-02-19T14:30:00.000Z,139.50999450683594,140,137.22000122070312,139.3300018310547,43638802
2025-02-19T15:30:00.000Z,139.3350067138672,140.45509338378906,139.33189392089844,139.94830322265625,26073700
2025-02-19T16:30:00.000Z,139.94000244140625,140.11000061035156,139.49000549316406,139.81500244140625,13424823
2025-02-19T17:30:00.000Z,139.81500244140625,141.36000061035156,139.74000549316406,140.639892578125,19599460
2025-02-19T18:30:00.000Z,140.63999938964844,140.85000610351562,140.1199951171875,140.44509887695312,13213960
2025-02-19T19:30:00.000Z,140.44000244140625,140.84500122070312,139.02000427246094,139.31939697265625,20162981
2025-02-19T20:30:00.000Z,139.32000732421875,139.86000061035156,138.77239990234375,139.24000549316406,14622733
2025-02-20T14:30:00.000Z,140.1300048828125,140.52999877929688,136.79010009765625,138.62060546875,45160191
2025-02-20T15:30:00.000Z,138.61000061035156,139.07000732421875,137.11000061035156,138.3000030517578,20769192
2025-02-20T16:30:00.000Z,138.3000030517578,139.97000122070312,138.22999572753906,139.5800018310547,17027606
2025-02-20T17:30:00.000Z,139.560302734375,139.839599609375,139.08999633789062,139.49000549316406,11187948
2025-02-20T18:30:00.000Z,139.49000549316406,140,139.38499450683594,139.80490112304688,10655696
2025-02-20T19:30:00.000Z,139.7899932861328,140.32000732421875,139.3800048828125,139.89999389648438,14152452
2025-02-20T20:30:00.000Z,139.88999938964844,140.1999969482422,139.69000244140625,140.1199951171875,10091197
2025-02-21T14:30:00.000Z,140,141.4600067138672,138.9499969482422,139.22999572753906,48808452
2025-02-21T15:30:00.000Z,139.22999572753906,139.72000122070312,138.5500030517578,139.19920349121094,23381184
2025-02-21T16:30:00.000Z,139.19000244140625,139.8000030517578,138.3699951171875,138.99110412597656,15825238
2025-02-21T17:30:00.000Z,139,139.05999755859375,136.05999755859375,137.1699981689453,29842368
2025-02-21T18:30:00.000Z,137.1699981689453,138.06500244140625,135.34500122070312,135.39669799804688,24903198
2025-02-21T19:30:00.000Z,135.3800048828125,136.25999450683594,134.5800018310547,135.10000610351562,30385659
2025-02-21T20:30:00.000Z,135.10000610351562,135.1999969482422,134.0399932861328,134.27000427246094,25630708
2025-02-24T14:30:00.000Z,136.7550048828125,138.58999633789062,131.92999267578125,132.92999267578125,76292889
2025-02-24T15:30:00.000Z,132.9199981689453,134.2899932861328,130.61000061035156,134.0399932861328,37651734
2025-02-24T16:30:00.000Z,134.0399932861328,134.99000549316406,133.49000549316406,134.60000610351562,26471760
2025-02-24T17:30:00.000Z,134.60000610351562,134.88999938964844,134.19000244140625,134.6199951171875,13394332
2025-02-24T18:30:00.000Z,134.6300048828125,134.875,132.66000366210938,132.72000122070312,15517929
2025-02-24T19:30:00.000Z,132.71009826660156,133.14999389648438,131.9199981689453,132.57000732421875,18193639
2025-02-24T20:30:00.000Z,132.5800018310547,133.0800018310547,130.0897979736328,130.10000610351562,23873374
2025-02-25T14:30:00.000Z,129.9600067138672,130.1999969482422,124.44000244140625,125.33999633789062,85363681
2025-02-25T15:30:00.000Z,125.3499984741211,127.33999633789062,125.05000305175781,126.19000244140625,38552542
2025-02-25T16:30:00.000Z,126.19999694824219,128.5399932861328,125.75,128.52499389648438,26597121
2025-02-25T17:30:00.000Z,128.52870178222656,129.88999938964844,128.32009887695312,128.3699951171875,26234066
2025-02-25T18:30:00.000Z,128.3800048828125,129,127.04000091552734,127.2699966430664,22835671
2025-02-25T19:30:00.000Z,127.26000213623047,129.3800048828125,127.18000030517578,128.81500244140625,23200458
2025-02-25T20:30:00.000Z,128.82000732421875,128.8800048828125,126.19000244140625,126.62999725341797,25422556
2025-02-26T14:30:00.000Z,129.98500061035156,131.60980224609375,129.0500030517578,130.4499969482422,61026640
2025-02-26T15:30:00.000Z,130.47000122070312,133.72999572753906,130.4499969482422,132.4149932861328,39297221
2025-02-26T16:30:00.000Z,132.4149932861328,133,131.72000122070312,132.55679321289062,24467999
2025-02-26T17:30:00.000Z,132.57989501953125,132.74000549316406,130.35000610351562,130.3751983642578,25366254
2025-02-26T18:30:00.000Z,130.36000061035156,131.1199951171875,128.49000549316406,129.88999938964844,45619369
2025-02-26T19:30:00.000Z,129.8800048828125,130.8800048828125,128.9600067138672,130.74000549316406,26930195
2025-02-26T20:30:00.000Z,130.6999969482422,132.08999633789062,130.02000427246094,131.52000427246094,30301408
2025-02-27T14:30:00.000Z,135,135,125.27999877929688,127.4800033569336,139627459
2025-02-27T15:30:00.000Z,127.4800033569336,128.0699005126953,125.51000213623047,126.27999877929688,47154830
2025-02-27T16:30:00.000Z,126.29000091552734,127.41000366210938,125.6500015258789,127.08000183105469,31842499
2025-02-27T17:30:00.000Z,127.08000183105469,128.4499969482422,126.27999877929688,127.61000061035156,28567618
2025-02-27T18:30:00.000Z,127.61499786376953,127.91000366210938,123.69000244140625,123.74500274658203,40681735
2025-02-27T19:30:00.000Z,123.74500274658203,124.69000244140625,121.57140350341797,121.91000366210938,61051900
2025-02-27T20:30:00.000Z,121.90499877929688,122.55729675292969,120.01000213623047,120.01000213623047,47543937
2025-02-28T14:30:00.000Z,118.03500366210938,122.7750015258789,116.41000366210938,122.7300033569336,121634753
2025-02-28T15:30:00.000Z,122.73500061035156,123.69999694824219,121.41999816894531,121.55999755859375,53003489
2025-02-28T16:30:00.000Z,121.54000091552734,122.7699966430664,121.13999938964844,122.18099975585938,26114445
2025-02-28T17:30:00.000Z,122.19000244140625,122.27760314941406,118.84500122070312,120.57990264892578,36004561
2025-02-28T18:30:00.000Z,120.58760070800781,121.2300033569336,119.68000030517578,120.47000122070312,26592728
2025-02-28T19:30:00.000Z,120.46389770507812,122.2300033569336,120.29000091552734,121.88500213623047,29137364
2025-02-28T20:30:00.000Z,121.87999725341797,125.06999969482422,121.2699966430664,125.05000305175781,42860959
2025-03-03T14:30:00.000Z,123.50499725341797,123.69999694824219,118.30000305175781,119.51000213623047,90292423
2025-03-03T15:30:00.000Z,119.51499938964844,120.19999694824219,118.51000213623047,119.22000122070312,38941419
2025-03-03T16:30:00.000Z,119.23999786376953,119.5,118.25,118.41000366210938,30591168
2025-03-03T17:30:00.000Z,118.41000366210938,118.43000030517578,114.51000213623047,115.23999786376953,64601109
2025-03-03T18:30:00.000Z,115.24440002441406,117.2699966430664,115.04000091552734,116.04499816894531,40434891
2025-03-03T19:30:00.000Z,116.03009796142578,117.62000274658203,112.27999877929688,113.16999816894531,65189266
2025-03-03T20:30:00.000Z,113.16000366210938,114.19999694824219,112.5,114.01000213623047,44205633
2025-03-04T14:30:00.000Z,110.72000122070312,115.13999938964844,110.11000061035156,111.61000061035156,127887000
2025-03-04T15:30:00.000Z,111.5999984741211,113.30000305175781,110.9000015258789,111.83000183105469,46791250
2025-03-04T16:30:00.000Z,111.81999969482422,116.5999984741211,111.81999969482422,116.01020050048828,51255627
2025-03-04T17:30:00.000Z,116.01499938964844,117.58000183105469,115.0999984741211,116.19999694824219,40436938
2025-03-04T18:30:00.000Z,116.20999908447266,118.25,115.87999725341797,117.7698974609375,33842281
2025-03-04T19:30:00.000Z,117.76499938964844,119.30999755859375,117.04000091552734,118.88999938964844,34300518
2025-03-04T20:30:00.000Z,118.9000015258789,119.01499938964844,115.05000305175781,115.95999908447266,34552128
2025-03-05T14:30:00.000Z,117.5199966430664,118,114.63999938964844,115.97000122070312,78072523
2025-03-05T15:30:00.000Z,115.97000122070312,116.86000061035156,114.51000213623047,115.40989685058594,39193117
2025-03-05T16:30:00.000Z,115.4000015258789,116.81999969482422,114.5199966430664,116.56310272216797,29044947
2025-03-05T17:30:00.000Z,116.55999755859375,117.91000366210938,116.11000061035156,116.2699966430664,29662552
2025-03-05T18:30:00.000Z,116.30000305175781,118.2300033569336,115.81999969482422,117.10980224609375,26002248
2025-03-05T19:30:00.000Z,117.11000061035156,118.2780990600586,116.7300033569336,117.66000366210938,26217630
2025-03-05T20:30:00.000Z,117.625,118.20899963378906,117.16999816894531,117.29000091552734,20809411
2025-03-06T14:30:00.000Z,113.5,115.3499984741211,112.30000305175781,114.84439849853516,73446901
2025-03-06T15:30:00.000Z,114.83999633789062,115.33999633789062,113.56999969482422,114.05999755859375,34221965
2025-03-06T16:30:00.000Z,114.04000091552734,114.76000213623047,111.20999908447266,111.6355972290039,41307149
2025-03-06T17:30:00.000Z,111.63999938964844,112.29000091552734,110.94999694824219,111.53500366210938,33581282
2025-03-06T18:30:00.000Z,111.52999877929688,111.90499877929688,110.33999633789062,110.52999877929688,33771494
2025-03-06T19:30:00.000Z,110.5199966430664,112.22000122070312,110.22000122070312,111.09719848632812,39231805
2025-03-06T20:30:00.000Z,111.08999633789062,111.4999008178711,110.41000366210938,110.58000183105469,30010571
2025-03-07T14:30:00.000Z,111.18000030517578,113.4800033569336,110.7300033569336,111.04000091552734,76024654
2025-03-07T15:30:00.000Z,111.0199966430664,111.79000091552734,109.51190185546875,109.69999694824219,54624751
2025-03-07T16:30:00.000Z,109.70500183105469,110,107.55999755859375,109.00499725341797,51020128
2025-03-07T17:30:00.000Z,109,111.29000091552734,108.69999694824219,110.50890350341797,45996375
2025-03-07T18:30:00.000Z,110.52999877929688,112.51499938964844,110.33000183105469,112.25,34597993
2025-03-07T19:30:00.000Z,112.26000213623047,112.91999816894531,111.29499816894531,112.6050033569336,32459442
2025-03-07T20:30:00.000Z,112.5999984741211,113.0999984741211,111.03500366210938,112.7300033569336,29030527
2025-03-10T13:30:00.000Z,109.88999938964844,111.8499984741211,108.01000213623047,108.06439971923828,74631134
2025-03-10T14:30:00.000Z,108.06999969482422,108.27999877929688,106.18000030517578,107.658203125,62308207
2025-03-10T15:30:00.000Z,107.66010284423828,108.91999816894531,106.8499984741211,108.08499908447266,43453261
2025-03-10T16:30:00.000Z,108.08999633789062,108.8499984741211,106.51000213623047,107.06009674072266,36616744
2025-03-10T17:30:00.000Z,107.05500030517578,107.31999969482422,106.2300033569336,106.76000213623047,31503406
2025-03-10T18:30:00.000Z,106.76000213623047,107.4000015258789,105.45999908447266,106.64990234375,44627698
2025-03-10T19:30:00.000Z,106.6500015258789,107.91000366210938,106.29000091552734,107.0199966430664,39086074
2025-03-11T13:30:00.000Z,107.00499725341797,110.98999786376953,106.0999984741211,106.30999755859375,97478690
2025-03-11T14:30:00.000Z,106.30500030517578,109.44000244140625,104.7699966430664,108.8949966430664,60995863
2025-03-11T15:30:00.000Z,108.87999725341797,110.5999984741211,108.27999877929688,108.81999969482422,36587643
2025-03-11T16:30:00.000Z,108.80500030517578,109.4000015258789,107.4800033569336,107.55999755859375,28235528
2025-03-11T17:30:00.000Z,107.56500244140625,110.73999786376953,107.44999694824219,110.43000030517578,32990769
2025-03-11T18:30:00.000Z,110.44000244140625,112.23600006103516,109.9800033569336,110.80860137939453,45716228
2025-03-11T19:30:00.000Z,110.80999755859375,111.02989959716797,108.63999938964844,108.63999938964844,24887618
2025-03-12T13:30:00.000Z,114.12000274658203,116.76000213623047,113.87999725341797,114.65010070800781,103960062
2025-03-12T14:30:00.000Z,114.6500015258789,115.2291030883789,112.87999725341797,114.51000213623047,47132903
2025-03-12T15:30:00.000Z,114.51090240478516,116.1050033569336,114.36009979248047,115.83499908447266,33633309
2025-03-12T16:30:00.000Z,115.8499984741211,116.5999984741211,115.44000244140625,116.11499786376953,31306972
2025-03-12T17:30:00.000Z,116.11000061035156,116.26000213623047,114.30000305175781,115.55500030517578,29673338
2025-03-12T18:30:00.000Z,115.55999755859375,116.04000091552734,115.08000183105469,115.44999694824219,25861035
2025-03-12T19:30:00.000Z,115.43000030517578,115.97989654541016,114.9800033569336,115.73999786376953,25027420
2025-03-13T13:30:00.000Z,117.0199966430664,117.76000213623047,113.79000091552734,116.65499877929688,85359507
2025-03-13T14:30:00.000Z,116.65499877929688,117.25,115.61000061035156,116.08000183105469,39262209
2025-03-13T15:30:00.000Z,116.08000183105469,116.69999694824219,115.41000366210938,115.86090087890625,31632519
2025-03-13T16:30:00.000Z,115.8499984741211,116.80000305175781,114.44999694824219,115.26499938964844,30548149
2025-03-13T17:30:00.000Z,115.26499938964844,116.94999694824219,115.11019897460938,116.94999694824219,28164566
2025-03-13T18:30:00.000Z,116.94999694824219,117.7300033569336,115.88999938964844,116.00499725341797,31767650
2025-03-13T19:30:00.000Z,116.01000213623047,116.3499984741211,115.12000274658203,115.70999908447266,26425577
2025-03-14T13:30:00.000Z,118.62000274658203,120.56500244140625,118.1500015258789,119.52490234375,80054675
2025-03-14T14:30:00.000Z,119.52899932861328,121.19000244140625,119.5000991821289,120.93000030517578,37708775
2025-03-14T15:30:00.000Z,120.93000030517578,121.87999725341797,120.5,120.51499938964844,33893954
2025-03-14T16:30:00.000Z,120.51010131835938,121.28500366210938,120.36000061035156,120.54499816894531,22384234
2025-03-14T17:30:00.000Z,120.54000091552734,120.8593978881836,120.11000061035156,120.2750015258789,19595435
2025-03-14T18:30:00.000Z,120.27999877929688,121.06849670410156,120.25,120.58499908447266,23734973
2025-03-14T19:30:00.000Z,120.58999633789062,121.80000305175781,120.58000183105469,121.44999694824219,29113451
2025-03-17T13:30:00.000Z,122.73750305175781,122.88999938964844,119.5,119.53500366210938,74495804
2025-03-17T14:30:00.000Z,119.54000091552734,120.2699966430664,118.87999725341797,119.29499816894531,34677303
2025-03-17T15:30:00.000Z,119.30500030517578,119.70999908447266,118.27999877929688,118.36509704589844,24933399
2025-03-17T16:30:00.000Z,118.37000274658203,119.25,118.02999877929688,119.17489624023438,24739657
2025-03-17T17:30:00.000Z,119.17500305175781,120.56999969482422,119,120.5,24394177
2025-03-17T18:30:00.000Z,120.48999786376953,121.08000183105469,120.2300033569336,120.3644027709961,25289938
2025-03-17T19:30:00.000Z,120.36000061035156,120.46499633789062,119.41999816894531,119.4800033569336,21588433
2025-03-18T13:30:00.000Z,118.05000305175781,118.5199966430664,114.54000091552734,115.83999633789062,72291232
2025-03-18T14:30:00.000Z,115.83000183105469,116.95999908447266,115.4800033569336,116.75499725341797,33542033
2025-03-18T15:30:00.000Z,116.75499725341797,117.68000030517578,116.1801986694336,117.63999938964844,26841463
2025-03-18T16:30:00.000Z,117.63999938964844,119.0199966430664,116.94000244140625,117.15499877929688,37041485
2025-03-18T17:30:00.000Z,117.16999816894531,117.6500015258789,115.7406997680664,116.63870239257812,38658434
2025-03-18T18:30:00.000Z,116.63999938964844,117.58000183105469,115.97000122070312,116.13500213623047,32486323
2025-03-18T19:30:00.000Z,116.13999938964844,116.29000091552734,114.94999694824219,115.58000183105469,26592776
2025-03-19T13:30:00.000Z,117.30500030517578,118.16000366210938,115.68000030517578,116.98999786376953,64324915
2025-03-19T14:30:00.000Z,116.98570251464844,117.41999816894531,116.29499816894531,117.24500274658203,25356228
2025-03-19T15:30:00.000Z,117.24500274658203,118.0999984741211,117,118.0250015258789,26815588
2025-03-19T16:30:00.000Z,118.0199966430664,118.25,117.2699966430664,117.45860290527344,19938862
2025-03-19T17:30:00.000Z,117.45999908447266,119.26000213623047,117.33699798583984,118.53600311279297,31708228
2025-03-19T18:30:00.000Z,118.53099822998047,120.44499969482422,118.18000030517578,118.25,42933049
2025-03-19T19:30:00.000Z,118.26499938964844,119.08000183105469,117.38999938964844,117.5199966430664,28863345
2025-03-20T13:30:00.000Z,116.5250015258789,119.44000244140625,116.47000122070312,118.9000015258789,59212296
2025-03-20T14:30:00.000Z,118.91000366210938,119.90499877929688,118.68009948730469,119.63999938964844,28942276
2025-03-20T15:30:00.000Z,119.62000274658203,120.19999694824219,118.18990325927734,118.29000091552734,36844183
2025-03-20T16:30:00.000Z,118.30999755859375,118.7750015258789,117.81999969482422,117.88899993896484,29469743
2025-03-20T17:30:00.000Z,117.9000015258789,119.06999969482422,117.83999633789062,118.0791015625,20595474
2025-03-20T18:30:00.000Z,118.06500244140625,118.68000030517578,117.73999786376953,118.04499816894531,21977978
2025-03-20T19:30:00.000Z,118.05000305175781,118.91999816894531,118.05000305175781,118.47000122070312,18320216
2025-03-21T13:30:00.000Z,116.95800018310547,117.66999816894531,115.41999816894531,116.46939849853516,77008403
2025-03-21T14:30:00.000Z,116.47000122070312,117.05000305175781,116.0199966430664,116.29000091552734,23739474
2025-03-21T15:30:00.000Z,116.29499816894531,117.62999725341797,116.2699966430664,117.3499984741211,22178576
2025-03-21T16:30:00.000Z,117.3550033569336,117.98999786376953,116.97000122070312,117.06500244140625,27230579
2025-03-21T17:30:00.000Z,117.06500244140625,117.55999755859375,116.81999969482422,117.19110107421875,14765667
2025-03-21T18:30:00.000Z,117.19000244140625,117.41000366210938,116.68499755859375,116.78500366210938,17897704
2025-03-21T19:30:00.000Z,116.77999877929688,117.80000305175781,116.4000015258789,117.63500213623047,23788360
2025-03-24T13:30:00.000Z,119.88999938964844,121.06999969482422,119.33999633789062,120.4800033569336,60100425
2025-03-24T14:30:00.000Z,120.47000122070312,122.22000122070312,120.33000183105469,122.04000091552734,34041886
2025-03-24T15:30:00.000Z,122.04010009765625,122.22000122070312,121.3499984741211,121.75,21429703
2025-03-24T16:30:00.000Z,121.75499725341797,122.08000183105469,121.37999725341797,121.72879791259766,15509433
2025-03-24T17:30:00.000Z,121.7249984741211,121.9800033569336,121.55999755859375,121.81500244140625,13064300
2025-03-24T18:30:00.000Z,121.81500244140625,122.08000183105469,121.6500015258789,121.79499816894531,16563480
2025-03-24T19:30:00.000Z,121.79499816894531,122.00990295410156,121.2300033569336,121.2300033569336,19638306
2025-03-25T13:30:00.000Z,120.56749725341797,120.94000244140625,118.91999816894531,119.9800033569336,54305819
2025-03-25T14:30:00.000Z,119.9800033569336,120.44000244140625,119.44499969482422,120.2615966796875,22280992
2025-03-25T15:30:00.000Z,120.2699966430664,120.98999786376953,120.04000091552734,120.66020202636719,18179130
2025-03-25T16:30:00.000Z,120.66999816894531,121.41000366210938,120.16999816894531,120.23500061035156,14869007
2025-03-25T17:30:00.000Z,120.23999786376953,121.0199966430664,120.23670196533203,120.71510314941406,13385816
2025-03-25T18:30:00.000Z,120.72000122070312,120.94999694824219,120.51000213623047,120.69499969482422,13173791
2025-03-25T19:30:00.000Z,120.69499969482422,121.29000091552734,120.51000213623047,120.6449966430664,13672618
2025-03-26T13:30:00.000Z,118.75499725341797,118.83999633789062,114.45500183105469,115.11499786376953,89092370
2025-03-26T14:30:00.000Z,115.11499786376953,115.63999938964844,114.73999786376953,115.16500091552734,34117276
2025-03-26T15:30:00.000Z,115.16000366210938,115.4000015258789,113.56999969482422,114.03500366210938,35802958
2025-03-26T16:30:00.000Z,114.03500366210938,114.27999877929688,113.38999938964844,113.45999908447266,28403778
2025-03-26T17:30:00.000Z,113.46499633789062,113.79000091552734,112.70999908447266,113.6449966430664,29558918
2025-03-26T18:30:00.000Z,113.6500015258789,113.7699966430664,112.76499938964844,113.26499938964844,26875607
2025-03-26T19:30:00.000Z,113.26499938964844,114.1500015258789,113.18000030517578,113.69999694824219,24048584
2025-03-27T13:30:00.000Z,111.34500122070312,113.28739929199219,110.66999816894531,112.81500244140625,68494954
2025-03-27T14:30:00.000Z,112.80999755859375,114.44999694824219,112.6500015258789,113.55000305175781,33925620
2025-03-27T15:30:00.000Z,113.55000305175781,113.55999755859375,111.95999908447266,112.50499725341797,28975493
2025-03-27T16:30:00.000Z,112.5,112.79000091552734,111.6500015258789,111.69139862060547,18461760
2025-03-27T17:30:00.000Z,111.69000244140625,112.53500366210938,111.5199966430664,112.1449966430664,18439363
2025-03-27T18:30:00.000Z,112.12999725341797,112.97000122070312,111.94999694824219,112.66999816894531,16703652
2025-03-27T19:30:00.000Z,112.6636962890625,112.68499755859375,111.18000030517578,111.43000030517578,19127222
2025-03-28T13:30:00.000Z,111.48500061035156,112.87000274658203,109.26000213623047,109.27880096435547,67383364
2025-03-28T14:30:00.000Z,109.27999877929688,110.1500015258789,109.07990264892578,109.65499877929688,30806013
2025-03-28T15:30:00.000Z,109.65499877929688,110.18389892578125,109.0999984741211,109.58499908447266,24313542
2025-03-28T16:30:00.000Z,109.58000183105469,110.1449966430664,109.23999786376953,109.4749984741211,22879578
2025-03-28T17:30:00.000Z,109.48500061035156,110.41819763183594,109.36000061035156,110.01499938964844,19879394
2025-03-28T18:30:00.000Z,110.01100158691406,110.61000061035156,109.86000061035156,109.91000366210938,21216107
2025-03-28T19:30:00.000Z,109.91000366210938,110.02999877929688,109.4000015258789,109.63999938964844,21276045
2025-03-31T13:30:00.000Z,105.11000061035156,106.01000213623047,103.6500015258789,103.88999938964844,87254622
2025-03-31T14:30:00.000Z,103.8949966430664,105.52999877929688,103.8949966430664,105.1895980834961,38342264
2025-03-31T15:30:00.000Z,105.18000030517578,106.01000213623047,104.7699966430664,105.9800033569336,26299485
2025-03-31T16:30:00.000Z,105.9749984741211,106.25,105.30999755859375,105.72000122070312,20941158
2025-03-31T17:30:00.000Z,105.72889709472656,107.56999969482422,105.55999755859375,107.55010223388672,21222498
2025-03-31T18:30:00.000Z,107.55000305175781,108.13999938964844,107.12000274658203,107.23999786376953,30430998
2025-03-31T19:30:00.000Z,107.25,108.95999908447266,107.13009643554688,108.7699966430664,30493185
2025-04-01T13:30:00.000Z,108.53250122070312,109.09369659423828,106.47000122070312,107.12999725341797,56995789
2025-04-01T14:30:00.000Z,107.14350128173828,109.48999786376953,107.07499694824219,108.91089630126953,31564223
2025-04-01T15:30:00.000Z,108.91999816894531,109.92990112304688,108.58000183105469,109.4000015258789,25262661
2025-04-01T16:30:00.000Z,109.41000366210938,109.45500183105469,108.44999694824219,108.80120086669922,19506598
2025-04-01T17:30:00.000Z,108.80000305175781,109.2300033569336,107.41000366210938,107.71990203857422,18839819
2025-04-01T18:30:00.000Z,107.70999908447266,108.95999908447266,107.63999938964844,108.61129760742188,20397955
2025-04-01T19:30:00.000Z,108.61000061035156,110.19999694824219,108.55999755859375,110.1500015258789,23879667
2025-04-02T13:30:00.000Z,107.30000305175781,109.72000122070312,106.79000091552734,108.99859619140625,52456911
2025-04-02T14:30:00.000Z,109,110.48999786376953,108.68000030517578,110.25,24990782
2025-04-02T15:30:00.000Z,110.23999786376953,111.15499877929688,109.61000061035156,111.15239715576172,20802108
2025-04-02T16:30:00.000Z,111.15129852294922,111.9800033569336,110.1500015258789,111.23500061035156,24736543
2025-04-02T17:30:00.000Z,111.22000122070312,111.25,109.31999969482422,109.32499694824219,23167039
2025-04-02T18:30:00.000Z,109.30000305175781,110.12999725341797,108.8499984741211,109.6500015258789,20996629
2025-04-02T19:30:00.000Z,109.6449966430664,110.76000213623047,109.38999938964844,110.37999725341797,18771615
2025-04-03T13:30:00.000Z,103.50499725341797,105.62999725341797,103.26219940185547,105.1500015258789,88390819
2025-04-03T14:30:00.000Z,105.1500015258789,105.4291000366211,102.01000213623047,102.96990203857422,61147077
2025-04-03T15:30:00.000Z,102.95500183105469,104.19000244140625,102.88500213623047,103.66100311279297,32422689
2025-04-03T16:30:00.000Z,103.66999816894531,103.87000274658203,102.75,103.0199966430664,30347849
2025-04-03T17:30:00.000Z,103.0198974609375,103.36000061035156,102.30000305175781,102.625,22282652
2025-04-03T18:30:00.000Z,102.62999725341797,104.0999984741211,102.53500366210938,102.66850280761719,33686143
2025-04-03T19:30:00.000Z,102.66999816894531,103.01000213623047,102,102.01000213623047,26008403
2025-04-04T13:30:00.000Z,98.94000244140625,100.12409973144531,94.55999755859375,94.60579681396484,144457921
2025-04-04T14:30:00.000Z,94.6050033569336,96.56999969482422,92.11000061035156,95.0999984741211,99663988
2025-04-04T15:30:00.000Z,95.0999984741211,95.8499984741211,93.62999725341797,93.82990264892578,50949073
2025-04-04T16:30:00.000Z,93.83000183105469,94.58000183105469,93.23999786376953,94.10009765625,42350512
2025-04-04T17:30:00.000Z,94.11000061035156,96.12989807128906,93.66500091552734,94.01000213623047,43326237
2025-04-04T18:30:00.000Z,94.0250015258789,95.55999755859375,93.26490020751953,95.16500091552734,54075828
2025-04-04T19:30:00.000Z,95.16999816894531,96.37999725341797,94.20999908447266,94.31999969482422,48492823
2025-04-07T13:30:00.000Z,87.52999877929688,101.73999786376953,86.62999725341797,93.61000061035156,241296096
2025-04-07T14:30:00.000Z,94.33000183105469,98.27999877929688,92.0199966430664,93.87999725341797,99949477
2025-04-07T15:30:00.000Z,93.86000061035156,97.56999969482422,93.86000061035156,95.87000274658203,52286254
2025-04-07T16:30:00.000Z,95.86000061035156,98.31999969482422,94.81199645996094,98.23290252685547,44582320
2025-04-07T17:30:00.000Z,98.20999908447266,99.69000244140625,97.17500305175781,97.41000366210938,54154785
2025-04-07T18:30:00.000Z,97.43070220947266,99.02999877929688,96.41999816894531,96.6500015258789,41244887
2025-04-07T19:30:00.000Z,96.66999816894531,98.37000274658203,96.2699966430664,97.70999908447266,32364653
2025-04-08T13:30:00.000Z,103.80500030517578,105.8499984741211,102.58999633789062,104.7300033569336,131855772
2025-04-08T14:30:00.000Z,104.72000122070312,105.2300033569336,102.0199966430664,102.05999755859375,62175660
2025-04-08T15:30:00.000Z,102.05999755859375,104.3656997680664,100.94999694824219,101.58499908447266,53337417
2025-04-08T16:30:00.000Z,101.58000183105469,101.81999969482422,98.69999694824219,98.77999877929688,54463549
2025-04-08T17:30:00.000Z,98.75499725341797,101,98.58000183105469,99.42990112304688,37886532
2025-04-08T18:30:00.000Z,99.42829895019531,101,95.2699966430664,96.31999969482422,55183916
2025-04-08T19:30:00.000Z,96.30999755859375,96.75,94.45999908447266,96.70999908447266,44320325
2025-04-09T13:30:00.000Z,98.87999725341797,101.18000030517578,97.53009796142578,99.97940063476562,110121099
2025-04-09T14:30:00.000Z,99.97000122070312,100.87000274658203,97.73999786376953,99.1688003540039,48978408
2025-04-09T15:30:00.000Z,99.16999816894531,99.70999908447266,98,99.44000244140625,33664067
2025-04-09T16:30:00.000Z,99.44000244140625,109.8499984741211,99.1500015258789,106.47000122070312,86003341
2025-04-09T17:30:00.000Z,106.47000122070312,112.98999786376953,101.56999969482422,112.02999877929688,114934175
2025-04-09T18:30:00.000Z,112.02999877929688,113.30000305175781,110.0999984741211,112.79000091552734,79368009
2025-04-09T19:30:00.000Z,112.79759979248047,115.0999984741211,112.7750015258789,114.25,69889080
2025-04-10T13:30:00.000Z,109.31999969482422,110.02999877929688,106.94000244140625,109.08000183105469,103900783
2025-04-10T14:30:00.000Z,109.05000305175781,110.86000061035156,107.88999938964844,107.8949966430664,49359864
2025-04-10T15:30:00.000Z,107.89129638671875,108.26799774169922,103.01000213623047,104.05000305175781,64357100
2025-04-10T16:30:00.000Z,104.02999877929688,108.37000274658203,103.94000244140625,106.47000122070312,52957278
2025-04-10T17:30:00.000Z,106.44999694824219,108.56999969482422,106.05000305175781,108.44400024414062,43347805
2025-04-10T18:30:00.000Z,108.44999694824219,108.9386978149414,106.41000366210938,106.44000244140625,42888124
2025-04-10T19:30:00.000Z,106.44000244140625,108.05999755859375,105.5,107.69999694824219,39204146
2025-04-11T13:30:00.000Z,108.58999633789062,110.69000244140625,107.55999755859375,107.69999694824219,81909147
2025-04-11T14:30:00.000Z,107.70999908447266,109.83499908447266,107.4800033569336,108.63999938964844,41874415
2025-04-11T15:30:00.000Z,108.6500015258789,109.98999786376953,108.43000030517578,109.44000244140625,31153652
2025-04-11T16:30:00.000Z,109.47000122070312,111.05999755859375,109.43000030517578,109.73999786376953,35792537
2025-04-11T17:30:00.000Z,109.73999786376953,111.54989624023438,109.29010009765625,110.3499984741211,36180706
2025-04-11T18:30:00.000Z,110.36000061035156,110.5199966430664,109.58000183105469,110.11000061035156,24853430
2025-04-11T19:30:00.000Z,110.1050033569336,111,109.83000183105469,110.69000244140625,29628386
2025-04-14T13:30:00.000Z,114.13999938964844,114.29000091552734,111.38009643554688,112.56700134277344,82789779
2025-04-14T14:30:00.000Z,112.56500244140625,112.98999786376953,111.30000305175781,111.33350372314453,32614822
2025-04-14T15:30:00.000Z,111.3499984741211,111.66000366210938,109.06999969482422,110.02999877929688,42210370
2025-04-14T16:30:00.000Z,110.02999877929688,111.19000244140625,109.93499755859375,110.44000244140625,23588472
2025-04-14T17:30:00.000Z,110.43000030517578,111.36000061035156,109.77999877929688,111.19999694824219,21463425
2025-04-14T18:30:00.000Z,111.19110107421875,111.87999725341797,111.0999984741211,111.3499984741211,20101443
2025-04-14T19:30:00.000Z,111.36000061035156,111.79000091552734,110.63999938964844,110.69999694824219,21299355
2025-04-15T13:30:00.000Z,110.97000122070312,112.76000213623047,110.5,111.01499938964844,58803422
2025-04-15T14:30:00.000Z,111.04000091552734,112.48999786376953,111,112.02999877929688,26916127
2025-04-15T15:30:00.000Z,112.03500366210938,113.61499786376953,111.79000091552734,113.26499938964844,35167817
2025-04-15T16:30:00.000Z,113.2699966430664,113.4000015258789,111.7301025390625,111.84010314941406,22753728
2025-04-15T17:30:00.000Z,111.83499908447266,112.63999938964844,111.7699966430664,112.12000274658203,19596078
2025-04-15T18:30:00.000Z,112.11499786376953,112.72000122070312,111.99500274658203,112.21009826660156,17827629
2025-04-15T19:30:00.000Z,112.21499633789062,112.3499984741211,111.94999694824219,112.0999984741211,14052161
2025-04-16T13:30:00.000Z,104.55000305175781,106.79000091552734,104.3499984741211,105.5199966430664,101562531
2025-04-16T14:30:00.000Z,105.5250015258789,105.58470153808594,103.80000305175781,105.17510223388672,46612325
2025-04-16T15:30:00.000Z,105.18000030517578,105.25,103.58000183105469,103.91500091552734,32297195
2025-04-16T16:30:00.000Z,103.91500091552734,104.16000366210938,103.1500015258789,103.93499755859375,28022826
2025-04-16T17:30:00.000Z,103.94000244140625,103.9800033569336,101.74120330810547,102.18499755859375,46963938
2025-04-16T18:30:00.000Z,102.18499755859375,102.25499725341797,100.44999694824219,101.00499725341797,52578363
2025-04-16T19:30:00.000Z,101.01000213623047,104.55000305175781,101.01000213623047,104.5,48163675
2025-04-17T13:30:00.000Z,104.42500305175781,104.47000122070312,100.4800033569336,100.49500274658203,82712336
2025-04-17T14:30:00.000Z,100.49569702148438,101.33000183105469,100.05000305175781,100.39820098876953,50819134
2025-04-17T15:30:00.000Z,100.3949966430664,101.4000015258789,100.16000366210938,101.23500061035156,34589269
2025-04-17T16:30:00.000Z,101.23509979248047,101.83999633789062,100.75170135498047,100.8311996459961,26631436
2025-04-17T17:30:00.000Z,100.83999633789062,102.37999725341797,100.79000091552734,102.15630340576172,26656995
2025-04-17T18:30:00.000Z,102.16000366210938,102.48999786376953,101.0199966430664,101.21499633789062,27771508
2025-04-17T19:30:00.000Z,101.20999908447266,101.69999694824219,100.8499984741211,101.41000366210938,22752612
2025-04-21T13:30:00.000Z,98.73500061035156,99.43000030517578,95.56999969482422,95.83499908447266,83473343
2025-04-21T14:30:00.000Z,95.83499908447266,96.56999969482422,95.6500015258789,95.88999938964844,33159945
2025-04-21T15:30:00.000Z,95.88999938964844,96.27999877929688,95.73999786376953,95.80000305175781,23386474
2025-04-21T16:30:00.000Z,95.80000305175781,96.38999938964844,95.1500015258789,95.36859893798828,24254282
2025-04-21T17:30:00.000Z,95.36000061035156,95.68000030517578,95.04000091552734,95.58999633789062,21645802
2025-04-21T18:30:00.000Z,95.58999633789062,95.86000061035156,95.1500015258789,95.5999984741211,25081227
2025-04-21T19:30:00.000Z,95.5999984741211,97.19999694824219,95.5999984741211,96.80000305175781,28458934
2025-04-22T13:30:00.000Z,98.76499938964844,99.37999725341797,97.36000061035156,99.0199966430664,59653341
2025-04-22T14:30:00.000Z,99.0199966430664,99.33999633789062,98.35009765625,98.8949966430664,29153995
2025-04-22T15:30:00.000Z,98.89640045166016,99.81099700927734,98.30000305175781,99.6500015258789,30596290
2025-04-22T16:30:00.000Z,99.65499877929688,99.7699966430664,97.95999908447266,98.1050033569336,28063300
2025-04-22T17:30:00.000Z,98.0999984741211,98.55999755859375,97.56999969482422,98.48500061035156,20303566
2025-04-22T18:30:00.000Z,98.49579620361328,98.83000183105469,97.5999984741211,97.70500183105469,17537365
2025-04-22T19:30:00.000Z,97.69999694824219,99,97.27999877929688,98.87999725341797,24642393
2025-04-23T13:30:00.000Z,104.52010345458984,104.80000305175781,102.58000183105469,104.18499755859375,83247065
2025-04-23T14:30:00.000Z,104.18499755859375,104.73999786376953,102.94000244140625,103.13700103759766,34974533
2025-04-23T15:30:00.000Z,103.1500015258789,103.47000122070312,102.62000274658203,103.36000061035156,25976963
2025-04-23T16:30:00.000Z,103.3550033569336,104.33000183105469,103.11000061035156,103.95999908447266,20566700
2025-04-23T17:30:00.000Z,103.97000122070312,104.23999786376953,103.55999755859375,103.71499633789062,15975552
2025-04-23T18:30:00.000Z,103.71499633789062,103.91999816894531,102.31999969482422,102.41999816894531,20008243
2025-04-23T19:30:00.000Z,102.41999816894531,102.87000274658203,102.0199966430664,102.53500366210938,20806368
2025-04-24T13:30:00.000Z,103.4749984741211,105.38500213623047,103.11000061035156,105.36869812011719,56039411
2025-04-24T14:30:00.000Z,105.36499786376953,105.9800033569336,104.7300033569336,105.34500122070312,31690192
2025-04-24T15:30:00.000Z,105.3499984741211,105.87999725341797,105.03790283203125,105.7489013671875,22022097
2025-04-24T16:30:00.000Z,105.73999786376953,106.37999725341797,105.66999816894531,106.29499816894531,24284792
2025-04-24T17:30:00.000Z,106.29830169677734,106.45999908447266,105.86000061035156,106.33470153808594,16704091
2025-04-24T18:30:00.000Z,106.33000183105469,106.5,105.51010131835938,105.7249984741211,18390301
2025-04-24T19:30:00.000Z,105.7249984741211,106.54000091552734,105.66999816894531,106.37999725341797,18998196
2025-04-25T13:30:00.000Z,106.86000061035156,108.0999984741211,105.7300033569336,107.54100036621094,56519423
2025-04-25T14:30:00.000Z,107.55999755859375,108.9800033569336,107.30999755859375,108.66000366210938,26933524
2025-04-25T15:30:00.000Z,108.66000366210938,109.5199966430664,108.4800033569336,109.4749984741211,24856155
2025-04-25T16:30:00.000Z,109.4749984741211,111.91999816894531,109.4749984741211,111.87000274658203,39348572
2025-04-25T17:30:00.000Z,111.85990142822266,111.89949798583984,109.82119750976562,110.83499908447266,33902808
2025-04-25T18:30:00.000Z,110.83999633789062,111.44000244140625,110.5999984741211,110.73500061035156,25044117
2025-04-25T19:30:00.000Z,110.73999786376953,111,110.19999694824219,110.95999908447266,23072925
2025-04-28T13:30:00.000Z,109.69499969482422,110.36990356445312,107.86000061035156,108.52519989013672,60413372
2025-04-28T14:30:00.000Z,108.52999877929688,108.68000030517578,106.3843994140625,106.5999984741211,30770324
2025-04-28T15:30:00.000Z,106.6050033569336,107.52999877929688,106.54019927978516,106.5509033203125,20240417
2025-04-28T16:30:00.000Z,106.55999755859375,107.25499725341797,106.0199966430664,106.27999877929688,18846051
2025-04-28T17:30:00.000Z,106.27999877929688,107.4000015258789,106.16999816894531,107.30000305175781,15472588
2025-04-28T18:30:00.000Z,107.29499816894531,108.29000091552734,107.08000183105469,108.19000244140625,16786692
2025-04-28T19:30:00.000Z,108.18000030517578,108.8499984741211,108.12000274658203,108.63999938964844,18093005
2025-04-29T13:30:00.000Z,107.7300033569336,109.70999908447266,107.44000244140625,108.52999877929688,45041087
2025-04-29T14:30:00.000Z,108.54000091552734,109.0999984741211,108.37999725341797,108.80979919433594,19083368
2025-04-29T15:30:00.000Z,108.80999755859375,109.2699966430664,108.53500366210938,108.875,13963878
2025-04-29T16:30:00.000Z,108.87999725341797,109.08000183105469,108.22000122070312,108.73500061035156,12800451
2025-04-29T17:30:00.000Z,108.73999786376953,110.19989776611328,108.73999786376953,109.9801025390625,21179656
2025-04-29T18:30:00.000Z,109.98519897460938,110.08000183105469,108.82009887695312,109.4000015258789,22598643
2025-04-29T19:30:00.000Z,109.4000015258789,109.52999877929688,108.7699966430664,108.91999816894531,16544045
2025-04-30T13:30:00.000Z,104.47000122070312,106.12000274658203,104.08000183105469,105.98500061035156,59488326
2025-04-30T14:30:00.000Z,105.9800033569336,106.5250015258789,105.66999816894531,106.375,23685269
2025-04-30T15:30:00.000Z,106.375,106.90499877929688,105.87999725341797,106.05500030517578,19101518
2025-04-30T16:30:00.000Z,106.05999755859375,106.5,105.63999938964844,106.47000122070312,14908641
2025-04-30T17:30:00.000Z,106.47010040283203,107.7699966430664,106.37999725341797,107.19499969482422,21407425
2025-04-30T18:30:00.000Z,107.19000244140625,107.83499908447266,107.04000091552734,107.25499725341797,16187996
2025-04-30T19:30:00.000Z,107.25,108.87999725341797,107.04000091552734,108.7750015258789,24138337
2025-05-01T13:30:00.000Z,113.0999984741211,114.07980346679688,112.08000183105469,113.33000183105469,69672901
2025-05-01T14:30:00.000Z,113.31999969482422,114.94000244140625,113.13369750976562,114.32499694824219,38782979
2025-05-01T15:30:00.000Z,114.33000183105469,114.41999816894531,113.05000305175781,113.65180206298828,28376525
2025-05-01T16:30:00.000Z,113.6500015258789,113.87000274658203,112.86000061035156,113.5647964477539,16605965
2025-05-01T17:30:00.000Z,113.56999969482422,113.91999816894531,112.9000015258789,113.66999816894531,15678013
2025-05-01T18:30:00.000Z,113.66999816894531,113.75,112.87999725341797,113,15249098
2025-05-01T19:30:00.000Z,113,113.04000091552734,111.31999969482422,111.52999877929688,22930513
2025-05-02T13:30:00.000Z,114.18000030517578,115.17500305175781,113.37000274658203,113.90499877929688,59365090
2025-05-02T14:30:00.000Z,113.9000015258789,114.80000305175781,113.48999786376953,114.65010070800781,23266857
2025-05-02T15:30:00.000Z,114.66000366210938,115.25,114.55000305175781,114.74500274658203,20729043
2025-05-02T16:30:00.000Z,114.74500274658203,114.97989654541016,113.94999694824219,114.364501953125,15564881
2025-05-02T17:30:00.000Z,114.36499786376953,114.87999725341797,114.19000244140625,114.80000305175781,14510300
2025-05-02T18:30:00.000Z,114.80999755859375,115.02999877929688,114.22000122070312,114.47000122070312,19985024
2025-05-02T19:30:00.000Z,114.47000122070312,114.62999725341797,113.9000015258789,114.38999938964844,19368086
2025-05-05T13:30:00.000Z,112.90499877929688,114.37999725341797,112.7699966430664,113.24500274658203,38031331
2025-05-05T14:30:00.000Z,113.24700164794922,113.97000122070312,112.66000366210938,113.9198989868164,17940252
2025-05-05T15:30:00.000Z,113.91999816894531,114.12000274658203,113.4000015258789,113.78500366210938,13139046
2025-05-05T16:30:00.000Z,113.87999725341797,114.16000366210938,113.8499984741211,114.12999725341797,10787578
2025-05-05T17:30:00.000Z,114.13500213623047,114.52999877929688,114.0999984741211,114.37100219726562,9164969
2025-05-05T18:30:00.000Z,114.37000274658203,114.66000366210938,114.04000091552734,114.3740005493164,11760297
2025-05-05T19:30:00.000Z,114.36000061035156,114.62000274658203,113.66999816894531,113.80999755859375,11600077
2025-05-06T13:30:00.000Z,111.44499969482422,112.97000122070312,110.8219985961914,112.65499877929688,44297315
2025-05-06T14:30:00.000Z,112.6500015258789,113.25,112.58000183105469,113.06999969482422,18483594
2025-05-06T15:30:00.000Z,113.06500244140625,113.79000091552734,112.5999984741211,113.01789855957031,15157659
2025-05-06T16:30:00.000Z,113.01010131835938,113.4000015258789,112.61000061035156,112.91999816894531,13211868
2025-05-06T17:30:00.000Z,112.93000030517578,113.77999877929688,112.72000122070312,113.68000030517578,11895316
2025-05-06T18:30:00.000Z,113.66999816894531,114.30000305175781,113.55999755859375,114.2300033569336,16085333
2025-05-06T19:30:00.000Z,114.23139953613281,114.73999786376953,113.37999725341797,113.44499969482422,15975805
2025-05-07T13:30:00.000Z,113.04499816894531,113.6500015258789,112.61499786376953,113.48030090332031,36330539
2025-05-07T14:30:00.000Z,113.4800033569336,113.66999816894531,112.93009948730469,113.29499816894531,16245674
2025-05-07T15:30:00.000Z,113.29000091552734,114.22000122070312,113.2300033569336,113.67990112304688,15074340
2025-05-07T16:30:00.000Z,113.68000030517578,114.12999725341797,113.59490203857422,113.94499969482422,9835847
2025-05-07T17:30:00.000Z,113.94999694824219,114,112.28179931640625,113.0000991821289,20558834
2025-05-07T18:30:00.000Z,112.99500274658203,113.87999725341797,112.7699966430664,113.23500061035156,19343637
2025-05-07T19:30:00.000Z,113.2300033569336,117.68000030517578,113.19000244140625,117.0199966430664,63856483
2025-05-08T13:30:00.000Z,118.4800033569336,118.58999633789062,116.48999786376953,117.23999786376953,59707764
2025-05-08T14:30:00.000Z,117.2300033569336,117.59500122070312,115.8499984741211,117.26000213623047,31401104
2025-05-08T15:30:00.000Z,117.26000213623047,118.44999694824219,117.02999877929688,118.04989624023438,28059942
2025-05-08T16:30:00.000Z,118.04499816894531,118.24500274658203,117.7300033569336,117.90489959716797,13310250
2025-05-08T17:30:00.000Z,117.90499877929688,118.19100189208984,117.52999877929688,117.9749984741211,13827447
2025-05-08T18:30:00.000Z,117.97460174560547,118.68000030517578,117.86000061035156,118.54049682617188,15953072
2025-05-08T19:30:00.000Z,118.55000305175781,118.5999984741211,117.29499816894531,117.37000274658203,16200137
2025-05-09T13:30:00.000Z,117.34500122070312,118.2300033569336,115.8499984741211,116.13159942626953,41154488
2025-05-09T14:30:00.000Z,116.12999725341797,116.7699966430664,115.20999908447266,116.37750244140625,28264877
2025-05-09T15:30:00.000Z,116.37999725341797,116.7699966430664,115.9800033569336,116.28500366210938,12954336
2025-05-09T16:30:00.000Z,116.28019714355469,116.66999816894531,116.11000061035156,116.43000030517578,9605723
2025-05-09T17:30:00.000Z,116.42150115966797,116.91999816894531,116.2300033569336,116.58000183105469,9257679
2025-05-09T18:30:00.000Z,116.5802001953125,116.80000305175781,116.47000122070312,116.7251968383789,8950592
2025-05-09T19:30:00.000Z,116.7249984741211,116.86499786376953,116.43000030517578,116.62069702148438,11620676
2025-05-12T13:30:00.000Z,121.94000244140625,122.81999969482422,120.47000122070312,120.86000061035156,70528533
2025-05-12T14:30:00.000Z,120.86000061035156,121.8499984741211,120.27999877929688,121.65139770507812,28095532
2025-05-12T15:30:00.000Z,121.65499877929688,122.72000122070312,121.44499969482422,122.37129974365234,22575292
2025-05-12T16:30:00.000Z,122.375,122.93000030517578,122.33000183105469,122.6614990234375,17996416
2025-05-12T17:30:00.000Z,122.66500091552734,122.94000244140625,122.47000122070312,122.73500061035156,15972208
2025-05-12T18:30:00.000Z,122.73500061035156,123,122.47000122070312,122.58499908447266,19606969
2025-05-12T19:30:00.000Z,122.58000183105469,123,122.07009887695312,122.98999786376953,24973516
2025-05-13T13:30:00.000Z,124.97000122070312,129.49989318847656,124.47000122070312,129.21499633789062,97107956
2025-05-13T14:30:00.000Z,129.22500610351562,130.8300018310547,128.9199981689453,129.8300018310547,69868680
2025-05-13T15:30:00.000Z,129.8350067138672,130.47999572753906,129.32000732421875,130.4600067138672,33679000
2025-05-13T16:30:00.000Z,130.4499969482422,130.99000549316406,130.08999633789062,130.8350067138672,24889147
2025-05-13T17:30:00.000Z,130.8350067138672,131.21890258789062,129.86000061035156,130.44500732421875,29883803
2025-05-13T18:30:00.000Z,130.4499969482422,130.6750030517578,129.72000122070312,130.21499633789062,25419839
2025-05-13T19:30:00.000Z,130.21499633789062,130.4499969482422,129.82000732421875,129.83999633789062,22868247
2025-05-14T13:30:00.000Z,133.1699981689453,134.86000061035156,131.67999267578125,132.66000366210938,92146747
2025-05-14T14:30:00.000Z,132.63999938964844,134.27999877929688,132.3699951171875,134.15499877929688,35295196
2025-05-14T15:30:00.000Z,134.15499877929688,135.11000061035156,133.9600067138672,134.97000122070312,30186219
2025-05-14T16:30:00.000Z,134.97830200195312,135.43499755859375,133.9600067138672,134.4600067138672,25502850
2025-05-14T17:30:00.000Z,134.46090698242188,135.14999389648438,134.22999572753906,134.55999755859375,18795906
2025-05-14T18:30:00.000Z,134.55499267578125,135.32000732421875,134.55149841308594,134.88999938964844,21685495
2025-05-14T19:30:00.000Z,134.88999938964844,135.39500427246094,134.25999450683594,135.34710693359375,23440039
2025-05-15T13:30:00.000Z,134.2949981689453,134.72000122070312,132.66000366210938,133.27000427246094,64545441
2025-05-15T14:30:00.000Z,133.3000030517578,134.49000549316406,132.84010314941406,134.38499450683594,26958012
2025-05-15T15:30:00.000Z,134.39999389648438,135.25,134.2100067138672,135.2165985107422,22394144
2025-05-15T16:30:00.000Z,135.21499633789062,136.3000030517578,135.10000610351562,136.22000122070312,27539610
2025-05-15T17:30:00.000Z,136.22000122070312,136.22000122070312,134.75999450683594,135.36000061035156,22560474
2025-05-15T18:30:00.000Z,135.36000061035156,135.58999633789062,133.58999633789062,133.73500061035156,23291803
2025-05-15T19:30:00.000Z,133.73500061035156,134.9499969482422,133.72999572753906,134.89999389648438,19243632
2025-05-16T13:30:00.000Z,136.25,136.30999755859375,135.02000427246094,135.4250030517578,57460183
2025-05-16T14:30:00.000Z,135.4250030517578,135.42999267578125,133.4600067138672,134.86500549316406,34733736
2025-05-16T15:30:00.000Z,134.86000061035156,135.3300018310547,134.57000732421875,134.7949981689453,17561863
2025-05-16T16:30:00.000Z,134.8000030517578,135.82989501953125,134.42999267578125,135.82179260253906,19290065
2025-05-16T17:30:00.000Z,135.82009887695312,136.25,134.95199584960938,135.03500366210938,25639188
2025-05-16T18:30:00.000Z,135.03500366210938,135.63999938964844,135.01499938964844,135.08030700683594,17202833
2025-05-16T19:30:00.000Z,135.0850067138672,135.4199981689453,134.875,135.32000732421875,18371101
2025-05-19T13:30:00.000Z,132.83999633789062,135.8699951171875,132.57000732421875,135.28500366210938,70608935
2025-05-19T14:30:00.000Z,135.2949981689453,135.39999389648438,134.27999877929688,134.9250030517578,30377827
2025-05-19T15:30:00.000Z,134.9199981689453,135.72000122070312,132.85000610351562,135.22500610351562,17839663
2025-05-19T16:30:00.000Z,135.22109985351562,135.6999969482422,134.69000244140625,135.27499389648438,15733373
2025-05-19T17:30:00.000Z,135.27999877929688,135.69000244140625,133,135.0850067138672,13132000
2025-05-19T18:30:00.000Z,135.0850067138672,135.47000122070312,134.99000549316406,135.1199951171875,13714659
2025-05-19T19:30:00.000Z,135.1199951171875,135.60000610351562,135.0800018310547,135.49000549316406,13501113
2025-05-20T13:30:00.000Z,134.2899932861328,134.5800018310547,132.6199951171875,132.9499969482422,47478213
2025-05-20T14:30:00.000Z,132.94000244140625,133.9199981689453,132.75,133.77499389648438,23892925
2025-05-20T15:30:00.000Z,133.77999877929688,134.25999450683594,133.63999938964844,134.0845947265625,16269373
2025-05-20T16:30:00.000Z,134.0850067138672,134.44000244140625,134.02999877929688,134.10499572753906,12840545
2025-05-20T17:30:00.000Z,134.10000610351562,134.24000549316406,133.3699951171875,133.4499969482422,14347265
2025-05-20T18:30:00.000Z,133.4499969482422,133.9199981689453,133.02999877929688,133.81500244140625,16515666
2025-05-20T19:30:00.000Z,133.82000732421875,134.4600067138672,133.8000030517578,134.3800048828125,14603744
2025-05-21T13:30:00.000Z,133.0449981689453,134.89999389648438,133,134.0850067138672,43028055
2025-05-21T14:30:00.000Z,134.08999633789062,135.97999572753906,133.77000427246094,135.87579345703125,29055499
2025-05-21T15:30:00.000Z,135.875,137.39999389648438,135.72000122070312,137.0850067138672,35553645
2025-05-21T16:30:00.000Z,137.0850067138672,137.39999389648438,133.11500549316406,133.21499633789062,34652134
2025-05-21T17:30:00.000Z,133.22999572753906,134.22000122070312,132.28469848632812,132.84500122070312,43037831
2025-05-21T18:30:00.000Z,132.84500122070312,133.44500732421875,130.58999633789062,131.07870483398438,36210032
2025-05-21T19:30:00.000Z,131.0800018310547,132.41000366210938,131.07000732421875,131.72999572753906,23830741
2025-05-22T13:30:00.000Z,132.17999267578125,133.9499969482422,131.55479431152344,133.0399932861328,55798007
2025-05-22T14:30:00.000Z,133.0399932861328,133.5,132.52999877929688,132.8800048828125,25893008
2025-05-22T15:30:00.000Z,132.8800048828125,133.85000610351562,132.5800018310547,133.39500427246094,20481345
2025-05-22T16:30:00.000Z,133.40499877929688,133.6699981689453,133.00999450683594,133.51100158691406,16235179
2025-05-22T17:30:00.000Z,133.51730346679688,133.72000122070312,133.11000061035156,133.3350067138672,13441513
2025-05-22T18:30:00.000Z,133.3302001953125,134.25,133.21499633789062,133.918701171875,20043231
2025-05-22T19:30:00.000Z,133.9199981689453,133.97000122070312,132.66000366210938,132.78990173339844,17337021
2025-05-23T13:30:00.000Z,129.99000549316406,131.19500732421875,129.1699981689453,130.52999877929688,60714536
2025-05-23T14:30:00.000Z,130.5500030517578,131.47999572753906,130.19000244140625,130.97999572753906,26901787
2025-05-23T15:30:00.000Z,130.9600067138672,131.2899932861328,130.6300048828125,131.00999450683594,19633301
2025-05-23T16:30:00.000Z,131.01109313964844,132.0989990234375,130.75,131.9499969482422,17553945
2025-05-23T17:30:00.000Z,131.94979858398438,132.67999267578125,131.4199981689453,132.13499450683594,23401439
2025-05-23T18:30:00.000Z,132.1300048828125,132.38999938964844,131.3000030517578,131.6239013671875,17163745
2025-05-23T19:30:00.000Z,131.625,132,131.13999938964844,131.30999755859375,18296554
2025-05-27T13:30:00.000Z,134.15249633789062,135.39999389648438,133.30999755859375,135.2917938232422,60714477
2025-05-27T14:30:00.000Z,135.3000030517578,135.55999755859375,134.94000244140625,135.2100067138672,25220857
2025-05-27T15:30:00.000Z,135.21499633789062,135.4499969482422,134.83999633789062,135.26199340820312,18583613
2025-05-27T16:30:00.000Z,135.26499938964844,135.66000366210938,135.17999267578125,135.60000610351562,15154754
2025-05-27T17:30:00.000Z,135.6011962890625,135.64999389648438,135.0449981689453,135.25160217285156,14567409
2025-05-27T18:30:00.000Z,135.2550048828125,135.4600067138672,135.00999450683594,135.13999938964844,16065055
2025-05-27T19:30:00.000Z,135.13999938964844,135.5,134.72000122070312,135.49000549316406,20197749
2025-05-28T13:30:00.000Z,136.0500030517578,136.3000030517578,135,135.26499938964844,54142058
2025-05-28T14:30:00.000Z,135.25999450683594,135.6300048828125,134.8000030517578,135.59190368652344,24001256
2025-05-28T15:30:00.000Z,135.59500122070312,136.10000610351562,135.47999572753906,135.9403076171875,21989816
2025-05-28T16:30:00.000Z,135.93499755859375,136.5,135.52000427246094,136.4499969482422,22906136
2025-05-28T17:30:00.000Z,136.4499969482422,137.25,136.24000549316406,136.6699981689453,27863769
2025-05-28T18:30:00.000Z,136.66000366210938,137.19000244140625,136.31500244140625,136.8300018310547,30892124
2025-05-28T19:30:00.000Z,136.8300018310547,136.8300018310547,134.7899932861328,134.8115997314453,34431570
2025-05-29T13:30:00.000Z,142.24000549316406,143.49000549316406,139.2899932861328,140.61929321289062,149521246
2025-05-29T14:30:00.000Z,140.61500549316406,141.94000244140625,140.17999267578125,141.66000366210938,50432815
2025-05-29T15:30:00.000Z,141.65499877929688,141.7100067138672,140.05499267578125,140.57020568847656,32266412
2025-05-29T16:30:00.000Z,140.57000732421875,141.0500030517578,139.67999267578125,139.875,24634864
2025-05-29T17:30:00.000Z,139.87010192871094,139.99000549316406,137.91000366210938,138.44419860839844,39127901
2025-05-29T18:30:00.000Z,138.44500732421875,139.42999267578125,138.44000244140625,138.91000366210938,29054162
2025-05-29T19:30:00.000Z,138.89999389648438,139.4600067138672,138.44000244140625,139.17999267578125,24908972
2025-05-30T13:30:00.000Z,138.72999572753906,139.61000061035156,135.8000030517578,137.36000061035156,70550253
2025-05-30T14:30:00.000Z,137.35000610351562,137.4499969482422,135.5449981689453,136.10499572753906,36076531
2025-05-30T15:30:00.000Z,136.10499572753906,136.22000122070312,133.38999938964844,133.58999633789062,41219309
2025-05-30T16:30:00.000Z,133.58999633789062,134.91000366210938,132.9199981689453,134.46229553222656,38667810
2025-05-30T17:30:00.000Z,134.4600067138672,135.10000610351562,133.7899932861328,134.77999877929688,25333394
2025-05-30T18:30:00.000Z,134.77999877929688,135.47000122070312,134.2100067138672,135.26499938964844,25676693
2025-05-30T19:30:00.000Z,135.27000427246094,135.74000549316406,134.4199981689453,134.83999633789062,30087974
2025-06-02T13:30:00.000Z,135.5399932861328,137.66000366210938,135.4199981689453,136.66009521484375,56937755
2025-06-02T14:30:00.000Z,136.66000366210938,137.17999267578125,136,136.45989990234375,23706991
2025-06-02T15:30:00.000Z,136.47000122070312,137.63999938964844,136.36000061035156,137.4075927734375,20963251
2025-06-02T16:30:00.000Z,137.38999938964844,137.73500061035156,137.05999755859375,137.57000732421875,14436996
2025-06-02T17:30:00.000Z,137.5601043701172,138.1199951171875,137.1199951171875,138.03140258789062,16905714
2025-06-02T18:30:00.000Z,138.0399932861328,138.0500030517578,137.50999450683594,137.625,14148724
2025-06-02T19:30:00.000Z,137.62669372558594,137.6999969482422,136.9600067138672,137.3699951171875,16432511
2025-06-03T13:30:00.000Z,138.77999877929688,141.5,137.9550018310547,141.3000030517578,72503390
2025-06-03T14:30:00.000Z,141.2917022705078,142,140.8800048828125,141.8199005126953,33656146
2025-06-03T15:30:00.000Z,141.80999755859375,141.9398956298828,140.32000732421875,141.56500244140625,21536837
2025-06-03T16:30:00.000Z,141.56820678710938,141.86000061035156,141.5500030517578,141.61500549316406,13738770
2025-06-03T17:30:00.000Z,141.6165008544922,141.6750030517578,140.25999450683594,141.15980529785156,22293768
2025-06-03T18:30:00.000Z,141.16000366210938,141.52999877929688,140.91000366210938,141.4499969482422,15855554
2025-06-03T19:30:00.000Z,141.44500732421875,141.47999572753906,141.0399932861328,141.27000427246094,18234984
2025-06-04T13:30:00.000Z,142.22000122070312,142.38999938964844,139.5449981689453,140.98500061035156,54713686
2025-06-04T14:30:00.000Z,140.98500061035156,141.5500030517578,140.7100067138672,141.3249969482422,22934690
2025-06-04T15:30:00.000Z,141.32000732421875,141.4199981689453,140.47999572753906,140.51010131835938,16773873
2025-06-04T16:30:00.000Z,140.50999450683594,140.97000122070312,140.35009765625,140.7899932861328,13648099
2025-06-04T17:30:00.000Z,140.7899932861328,141.6300048828125,140.66000366210938,141.61880493164062,12028629
2025-06-04T18:30:00.000Z,141.6199951171875,141.9600067138672,141.4217071533203,141.6699981689453,16668260
2025-06-04T19:30:00.000Z,141.6750030517578,141.97000122070312,141.38999938964844,141.83009338378906,14052117
2025-06-05T13:30:00.000Z,142.14999389648438,143.1999969482422,140.74000549316406,141.97830200195312,47304437
2025-06-05T14:30:00.000Z,141.97000122070312,143.25,141.0800018310547,143.0388946533203,31955898
2025-06-05T15:30:00.000Z,143.03179931640625,144,142.58990478515625,143.0050048828125,32856742
2025-06-05T16:30:00.000Z,143,143.0749969482422,140.77999877929688,141.57870483398438,25643548
2025-06-05T17:30:00.000Z,141.57350158691406,141.78990173339844,139.7899932861328,140.71499633789062,21809449
2025-06-05T18:30:00.000Z,140.71499633789062,141.125,138.8300018310547,139.59010314941406,22827344
2025-06-05T19:30:00.000Z,139.61000061035156,140.89999389648438,139.57069396972656,139.9499969482422,18670737
2025-06-06T13:30:00.000Z,142.53500366210938,143.27000427246094,141.50999450683594,141.64500427246094,48131114
2025-06-06T14:30:00.000Z,141.64500427246094,142.7899932861328,141.5800018310547,141.69500732421875,22370971
2025-06-06T15:30:00.000Z,141.89999389648438,142.8800048828125,141.66000366210938,142.25999450683594,16595162
2025-06-06T16:30:00.000Z,142.26499938964844,142.41000366210938,141.5399932861328,142.11500549316406,12379647
2025-06-06T17:30:00.000Z,142.11500549316406,142.72999572753906,142.02999877929688,142.36500549316406,11651566
2025-06-06T18:30:00.000Z,142.3614959716797,142.86000061035156,141.9600067138672,142.07179260253906,13192321
2025-06-06T19:30:00.000Z,142.07000732421875,142.11000061035156,141.63999938964844,141.69000244140625,14850249
2025-06-09T13:30:00.000Z,143.26499938964844,144.6999969482422,142.89999389648438,144.375,46562468
2025-06-09T14:30:00.000Z,144.375,145,143.0800018310547,143.1800994873047,32958581
2025-06-09T15:30:00.000Z,143.19000244140625,143.50010681152344,141.94000244140625,142.22500610351562,35668047
2025-06-09T16:30:00.000Z,142.22999572753906,143.04510498046875,142.16000366210938,142.77000427246094,14458248
2025-06-09T17:30:00.000Z,142.77499389648438,142.89999389648438,141.97000122070312,142.83990478515625,12523340
2025-06-09T18:30:00.000Z,142.8300018310547,143.02999877929688,142.52999877929688,142.77499389648438,12378395
2025-06-09T19:30:00.000Z,142.77000427246094,142.77999877929688,142.19000244140625,142.5500030517578,14675807
2025-06-10T13:30:00.000Z,142.6699981689453,143.07000732421875,141.80999755859375,142.8000030517578,36348920
2025-06-10T14:30:00.000Z,142.7949981689453,143.13980102539062,142.30999755859375,142.68699645996094,19012075
2025-06-10T15:30:00.000Z,142.67999267578125,143.14990234375,141.52499389648438,143.11500549316406,17762944
2025-06-10T16:30:00.000Z,143.1199951171875,143.28500366210938,142.64999389648438,142.65499877929688,11320481
2025-06-10T17:30:00.000Z,142.6501007080078,143.1300048828125,142.10499572753906,143.11990356445312,11735743
2025-06-10T18:30:00.000Z,143.1199951171875,144.2899932861328,142.88999938964844,144,21355092
2025-06-10T19:30:00.000Z,143.99000549316406,144,143.22999572753906,143.9499969482422,15565383
2025-06-11T13:30:00.000Z,144.61000061035156,144.99000549316406,143.02000427246094,144.477294921875,49613839
2025-06-11T14:30:00.000Z,144.48500061035156,144.6898956298828,143.42999267578125,144.1501007080078,23256895
2025-06-11T15:30:00.000Z,144.1199951171875,144.22999572753906,142.7729949951172,143.37989807128906,18477391
2025-06-11T16:30:00.000Z,143.3759002685547,143.85000610351562,143.0218048095703,143.7100067138672,11585509
2025-06-11T17:30:00.000Z,143.72500610351562,143.8000030517578,142.02000427246094,142.4716033935547,18120336
2025-06-11T18:30:00.000Z,142.47000122070312,142.9600067138672,141.8699951171875,142.39999389648438,17550577
2025-06-11T19:30:00.000Z,142.39500427246094,143,142.2899932861328,142.83999633789062,13674586
2025-06-12T13:30:00.000Z,141.97999572753906,144.17999267578125,141.8699951171875,144.06500244140625,43378306
2025-06-12T14:30:00.000Z,144.07000732421875,145,143.9949951171875,144.45120239257812,33988311
2025-06-12T15:30:00.000Z,144.44500732421875,144.72000122070312,143.97000122070312,144.4499969482422,15078767
2025-06-12T16:30:00.000Z,144.4550018310547,144.60000610351562,144.02999877929688,144.3300018310547,11353255
2025-06-12T17:30:00.000Z,144.3249969482422,144.8350067138672,144.32000732421875,144.47500610351562,12360146
2025-06-12T18:30:00.000Z,144.47500610351562,144.89999389648438,144.25,144.7550048828125,14644653
2025-06-12T19:30:00.000Z,144.75,145,144.5,145,15549176
2025-06-13T13:30:00.000Z,142.47999572753906,143.5800018310547,141.0749969482422,141.1999969482422,51872162
2025-06-13T14:30:00.000Z,141.1999969482422,142.94000244140625,141.0800018310547,142.91650390625,23127908
2025-06-13T15:30:00.000Z,142.9149932861328,143.3699951171875,142.8719024658203,143.0749969482422,13935311
2025-06-13T16:30:00.000Z,143.0800018310547,143.36000061035156,142.49000549316406,142.65499877929688,14462880
2025-06-13T17:30:00.000Z,142.65499877929688,142.8498992919922,141.56500244140625,141.60000610351562,16100745
2025-06-13T18:30:00.000Z,141.58999633789062,142.0800018310547,140.85499572753906,141.5050048828125,22482726
2025-06-13T19:30:00.000Z,141.5050048828125,142,141.4600067138672,141.9600067138672,20970591
2025-06-16T13:30:00.000Z,143.34500122070312,144.88999938964844,143.20010375976562,144.47999572753906,44856735
2025-06-16T14:30:00.000Z,144.47500610351562,146.1750030517578,144.02000427246094,145.4698028564453,42997672
2025-06-16T15:30:00.000Z,145.4600067138672,146.05999755859375,145.4019012451172,145.9550018310547,17537399
2025-06-16T16:30:00.000Z,145.96499633789062,146.0399932861328,145.360107421875,145.625,15141052
2025-06-16T17:30:00.000Z,145.625,145.6999969482422,145.02999877929688,145.22999572753906,13046550
2025-06-16T18:30:00.000Z,145.2216033935547,145.25999450683594,144.7100067138672,144.97000122070312,15532334
2025-06-16T19:30:00.000Z,144.97500610351562,145,144.27000427246094,144.6699981689453,15755840
2025-06-17T13:30:00.000Z,144.49000549316406,145.22000122070312,144.0200958251953,144.3986053466797,35665612
2025-06-17T14:30:00.000Z,144.38999938964844,144.9499969482422,144.24000549316406,144.50999450683594,15413357
2025-06-17T15:30:00.000Z,144.50999450683594,145.1649932861328,144.22000122070312,145.02000427246094,15381526
2025-06-17T16:30:00.000Z,145.02000427246094,145.125,144.25,144.8300018310547,14502323
2025-06-17T17:30:00.000Z,144.82000732421875,145.07000732421875,143.9600067138672,144.17999267578125,16341184
2025-06-17T18:30:00.000Z,144.19000244140625,144.5,143.77999877929688,144.27609252929688,11499700
2025-06-17T19:30:00.000Z,144.27499389648438,144.74000549316406,144.00999450683594,144.0399932861328,12690439
2025-06-18T13:30:00.000Z,144.0050048828125,145.3300018310547,143.1199951171875,145.22000122070312,34846762
2025-06-18T14:30:00.000Z,145.22000122070312,145.6199951171875,144.75999450683594,144.99000549316406,18889032
2025-06-18T15:30:00.000Z,145.0500030517578,145.60000610351562,144.91000366210938,145.27999877929688,15092573
2025-06-18T16:30:00.000Z,145.27420043945312,145.60000610351562,145.08999633789062,145.13499450683594,9643794
2025-06-18T17:30:00.000Z,145.13499450683594,145.5,144.7100067138672,145.0500030517578,14648267
2025-06-18T18:30:00.000Z,145.05999755859375,145.27999877929688,143.91000366210938,144.17990112304688,21610193
2025-06-18T19:30:00.000Z,144.1699981689453,145.60000610351562,144.0800018310547,145.47000122070312,24050186
2025-06-20T13:30:00.000Z,145.43499755859375,146.1999969482422,144.10000610351562,144.625,67783997
2025-06-20T14:30:00.000Z,144.6300048828125,145.02999877929688,142.64999389648438,143.89990234375,31508786
2025-06-20T15:30:00.000Z,143.8780059814453,144.47000122070312,143.67999267578125,143.9550018310547,24548725
2025-06-20T16:30:00.000Z,143.9550018310547,144.33999633789062,143.452392578125,143.48500061035156,17667331
2025-06-20T17:30:00.000Z,143.49000549316406,144.27999877929688,143.22000122070312,144.15499877929688,12313905
2025-06-20T18:30:00.000Z,144.15499877929688,144.32000732421875,143.57179260253906,143.78990173339844,12939836
2025-06-20T19:30:00.000Z,143.7899932861328,143.97999572753906,143.13999938964844,143.77999877929688,17734749
2025-06-23T13:30:00.000Z,142.47999572753906,144.3000030517578,142.32000732421875,143.6300048828125,38498456
2025-06-23T14:30:00.000Z,143.63999938964844,144.2100067138672,143.52999877929688,143.80999755859375,16692515
2025-06-23T15:30:00.000Z,143.69500732421875,144.0500030517578,142.85000610351562,142.92999267578125,16739353
2025-06-23T16:30:00.000Z,142.92999267578125,144.44000244140625,142.02999877929688,144.4058074951172,24187562
2025-06-23T17:30:00.000Z,144.40499877929688,144.74000549316406,143.8800048828125,143.90989685058594,17966220
2025-06-23T18:30:00.000Z,143.91000366210938,144.38999938964844,143.75,143.84500122070312,11368715
2025-06-23T19:30:00.000Z,143.83999633789062,144.3699951171875,143.66180419921875,144.1750030517578,13348173
2025-06-24T13:30:00.000Z,145.55999755859375,147.89999389648438,145.5,147.02000427246094,57816010
2025-06-24T14:30:00.000Z,147.02000427246094,147.42999267578125,146.8000030517578,146.90499877929688,19347817
2025-06-24T15:30:00.000Z,146.91000366210938,147.1999969482422,146.5500030517578,147.1649932861328,18014469
2025-06-24T16:30:00.000Z,147.1649932861328,147.4499969482422,147,147.19500732421875,13836659
2025-06-24T17:30:00.000Z,147.19000244140625,147.60000610351562,147.18499755859375,147.35009765625,12496972
2025-06-24T18:30:00.000Z,147.35499572753906,147.5399932861328,147.1699981689453,147.22850036621094,12406122
2025-06-24T19:30:00.000Z,147.22500610351562,147.9600067138672,147.18499755859375,147.8300018310547,18197811
2025-06-25T13:30:00.000Z,149.30999755859375,152.55999755859375,149.27999877929688,152.2050018310547,87631761
2025-06-25T14:30:00.000Z,152.2050018310547,153,151.52999877929688,152.0500030517578,34570654
2025-06-25T15:30:00.000Z,152.04299926757812,152.1999969482422,151.38999938964844,152.14129638671875,17980007
2025-06-25T16:30:00.000Z,152.14500427246094,153.92999267578125,151.97000122070312,153.89999389648438,29544691
2025-06-25T17:30:00.000Z,153.90589904785156,154.00999450683594,153.18020629882812,153.9322967529297,25802407
2025-06-25T18:30:00.000Z,153.94000244140625,154.4499969482422,153.36000061035156,153.75439453125,27432674
2025-06-25T19:30:00.000Z,153.75,154.41000366210938,153.33999633789062,154.30999755859375,24556634
2025-06-26T13:30:00.000Z,155.97500610351562,156.49000549316406,154.03500366210938,156.44859313964844,71476728
2025-06-26T14:30:00.000Z,156.44500732421875,156.71499633789062,154.7899932861328,154.95989990234375,29246134
2025-06-26T15:30:00.000Z,154.9499969482422,155.7299041748047,154.80999755859375,155.625,16236689
2025-06-26T16:30:00.000Z,155.625,156.17999267578125,155.11500549316406,156.02999877929688,15834843
2025-06-26T17:30:00.000Z,156.03990173339844,156.49000549316406,155.75999450683594,156.0850067138672,15854548
2025-06-26T18:30:00.000Z,156.0850067138672,156.08999633789062,155.42999267578125,155.46429443359375,17887726
2025-06-26T19:30:00.000Z,155.4600067138672,155.58999633789062,154.875,155.0800018310547,16962532
2025-06-27T13:30:00.000Z,156,157.44500732421875,155.25999450683594,157.42010498046875,50511015
2025-06-27T14:30:00.000Z,157.4250030517578,158,156.77999877929688,157.91009521484375,28993628
2025-06-27T15:30:00.000Z,157.9199981689453,158.7100067138672,157.2899932861328,157.69000244140625,27167396
2025-06-27T16:30:00.000Z,157.67849731445312,157.8000030517578,156.9600067138672,157.48500061035156,18710941
2025-06-27T17:30:00.000Z,157.49000549316406,157.5800018310547,156.27000427246094,156.30499267578125,19409637
2025-06-27T18:30:00.000Z,156.30499267578125,156.8300018310547,155.4600067138672,156.47000122070312,25358639
2025-06-27T19:30:00.000Z,156.47000122070312,157.85000610351562,156.45010375976562,157.75,24317507
2025-06-30T13:30:00.000Z,158.40499877929688,158.46240234375,155.9600067138672,157.10000610351562,45352612
2025-06-30T14:30:00.000Z,157.11000061035156,157.58999633789062,156.7550048828125,157.04989624023438,20595043
2025-06-30T15:30:00.000Z,157.0500030517578,158.27000427246094,156.9550018310547,157.7100067138672,18408929
2025-06-30T16:30:00.000Z,157.6999969482422,158.1699981689453,157.65499877929688,157.82550048828125,13452357
2025-06-30T17:30:00.000Z,157.8249969482422,158.11000061035156,157.5399932861328,157.57989501953125,10936075
2025-06-30T18:30:00.000Z,157.57000732421875,158.10000610351562,156.83999633789062,157.94500732421875,16748845
2025-06-30T19:30:00.000Z,157.94500732421875,158.66000366210938,157.8300018310547,157.8699951171875,18860588
2025-07-01T13:30:00.000Z,156.25999450683594,157.1999969482422,154.39010620117188,154.6300048828125,41736822
2025-07-01T14:30:00.000Z,154.63499450683594,154.83999633789062,151.49000549316406,152.88499450683594,49090512
2025-07-01T15:30:00.000Z,152.8800048828125,153.49000549316406,152.22000122070312,153.39500427246094,25783852
2025-07-01T16:30:00.000Z,153.39500427246094,154.97999572753906,153.310302734375,154.27499389648438,21975374
2025-07-01T17:30:00.000Z,154.27200317382812,154.8800048828125,154.00999450683594,154.35169982910156,13955512
2025-07-01T18:30:00.000Z,154.35000610351562,154.63999938964844,152.91009521484375,153.72999572753906,19809769
2025-07-01T19:30:00.000Z,153.72000122070312,154.1300048828125,153.2100067138672,153.27999877929688,18863865
2025-07-02T13:30:00.000Z,153.02999877929688,156.16000366210938,152.97999572753906,156.08140563964844,45496358
2025-07-02T14:30:00.000Z,156.0800018310547,157.60000610351562,155.89999389648438,156.36500549316406,31796987
2025-07-02T15:30:00.000Z,156.36500549316406,157.375,156.06019592285156,157.093505859375,18521442
2025-07-02T16:30:00.000Z,157.13499450683594,157.57000732421875,156.83999633789062,157.2053985595703,13905801
2025-07-02T17:30:00.000Z,157.2050018310547,157.30499267578125,156.7050018310547,156.9550018310547,11032900
2025-07-02T18:30:00.000Z,156.9499969482422,157.39439392089844,156.50999450683594,156.8874969482422,14829555
2025-07-02T19:30:00.000Z,156.88499450683594,157.42999267578125,156.8000030517578,157.24000549316406,15486591
2025-07-03T13:30:00.000Z,158.35000610351562,160.97999572753906,157.77000427246094,160.6300048828125,63107837
2025-07-03T14:30:00.000Z,160.63499450683594,160.82000732421875,159.17999267578125,159.80499267578125,31499036
2025-07-03T15:30:00.000Z,159.8000030517578,159.97000122070312,159.30999755859375,159.37969970703125,18434686
2025-07-03T17:00:00.000Z,159.3800048828125,159.39999389648438,158.57620239257812,159.2100067138672,0
2025-07-07T13:30:00.000Z,158.1999969482422,159.30540466308594,158.02999877929688,158.30999755859375,38468204
2025-07-07T14:30:00.000Z,158.32000732421875,158.6199951171875,157.3419952392578,158.27999877929688,19739847
2025-07-07T15:30:00.000Z,158.25999450683594,158.6999969482422,157.6967010498047,158.22000122070312,20104320
2025-07-07T16:30:00.000Z,158.19500732421875,158.58990478515625,158.03500366210938,158.3188018798828,11668152
2025-07-07T17:30:00.000Z,158.3144989013672,158.77000427246094,157.72999572753906,157.8249969482422,11966286
2025-07-07T18:30:00.000Z,157.82000732421875,158.6300048828125,157.75,158.3000946044922,11449648
2025-07-07T19:30:00.000Z,158.30999755859375,158.60000610351562,158.0800018310547,158.24000549316406,11041631
2025-07-08T13:30:00.000Z,159.3300018310547,159.72999572753906,158.3916015625,159.07000732421875,36806011
2025-07-08T14:30:00.000Z,159.06649780273438,159.2899932861328,158.6699981689453,159.0800018310547,18018628
2025-07-08T15:30:00.000Z,159.0850067138672,159.8699951171875,158.92999267578125,159.72999572753906,12403457
2025-07-08T16:30:00.000Z,159.74000549316406,159.7899932861328,159.2799072265625,159.5850067138672,12493506
2025-07-08T17:30:00.000Z,159.5800018310547,160.22000122070312,159.25,159.5399932861328,15155501
2025-07-08T18:30:00.000Z,159.5500030517578,159.94000244140625,159.36500549316406,159.89500427246094,11112506
2025-07-08T19:30:00.000Z,159.89500427246094,160.0800018310547,159.6999969482422,160.00010681152344,13626894
2025-07-09T13:30:00.000Z,161.19000244140625,164.4199981689453,161.16000366210938,163.06869506835938,64850584
2025-07-09T14:30:00.000Z,163.06500244140625,163.4499969482422,162.44000244140625,163.35000610351562,25988494
2025-07-09T15:30:00.000Z,163.3450927734375,163.3800048828125,162.89999389648438,163.27000427246094,16389704
2025-07-09T16:30:00.000Z,163.27029418945312,163.3699951171875,162.52999877929688,162.56500244140625,15282610
2025-07-09T17:30:00.000Z,162.55999755859375,163.0384063720703,162.49000549316406,162.81500244140625,11576319
2025-07-09T18:30:00.000Z,162.81500244140625,163.2100067138672,162.5500030517578,162.85000610351562,13576938
2025-07-09T19:30:00.000Z,162.84500122070312,163.02000427246094,162.57009887695312,162.8300018310547,16787843
2025-07-10T13:30:00.000Z,164.36000061035156,164.3699951171875,161.88999938964844,162.41000366210938,53282712
2025-07-10T14:30:00.000Z,162.39999389648438,162.8000030517578,161.61000061035156,162.59669494628906,23008245
2025-07-10T15:30:00.000Z,162.59500122070312,163.32000732421875,162.57000732421875,163.2747039794922,16064526
2025-07-10T16:30:00.000Z,163.2799072265625,163.65989685058594,163,163.44769287109375,12567265
2025-07-10T17:30:00.000Z,163.44500732421875,164.49000549316406,163.38999938964844,163.72999572753906,20190900
2025-07-10T18:30:00.000Z,163.72500610351562,164.32000732421875,163.64999389648438,164.05999755859375,14012071
2025-07-10T19:30:00.000Z,164.05999755859375,164.27999877929688,163.8000030517578,164.10499572753906,14867354
2025-07-11T13:30:00.000Z,163.71499633789062,167.59500122070312,163.52000427246094,167.35989379882812,58059074
2025-07-11T14:30:00.000Z,167.375,167.88999938964844,166.11000061035156,166.4949951171875,37872862
2025-07-11T15:30:00.000Z,166.49000549316406,167.1199951171875,165.92999267578125,166.47869873046875,19912075
2025-07-11T16:30:00.000Z,166.47479248046875,166.69000244140625,165.99000549316406,166.1822967529297,13148079
2025-07-11T17:30:00.000Z,166.19000244140625,166.25,165.3699951171875,165.68150329589844,15595742
2025-07-11T18:30:00.000Z,165.67999267578125,166.08990478515625,164.8300018310547,165.09500122070312,17912784
2025-07-11T19:30:00.000Z,165.0998992919922,165.27000427246094,164.8699951171875,164.8800048828125,14271548
2025-07-14T13:30:00.000Z,165.4250030517578,165.49000549316406,162.02000427246094,163.72000122070312,49921181
2025-07-14T14:30:00.000Z,163.72500610351562,165.28500366210938,163.33999633789062,164.75469970703125,23965559
2025-07-14T15:30:00.000Z,164.75759887695312,165.25,164.58999633789062,164.97000122070312,11859176
2025-07-14T16:30:00.000Z,164.97500610351562,165.36000061035156,164.57000732421875,165.08009338378906,9882041
2025-07-14T17:30:00.000Z,165.0800018310547,165.22000122070312,164.69000244140625,164.82000732421875,8199722
2025-07-14T18:30:00.000Z,164.8000030517578,165.0399932861328,164.32000732421875,164.40330505371094,11169702
2025-07-14T19:30:00.000Z,164.40499877929688,164.52999877929688,164,164.07000732421875,11699982
2025-07-15T13:30:00.000Z,171.13999938964844,172.25100708007812,169.1981964111328,171.57839965820312,97536358
2025-07-15T14:30:00.000Z,171.57029724121094,172.39999389648438,170.6846923828125,171.38499450683594,35052855
2025-07-15T15:30:00.000Z,171.38999938964844,171.60499572753906,171.02999877929688,171.38499450683594,14121272
2025-07-15T16:30:00.000Z,171.3699951171875,171.5500030517578,170.36000061035156,170.52499389648438,15343175
2025-07-15T17:30:00.000Z,170.52999877929688,171.11000061035156,170.25,170.91180419921875,15475030
2025-07-15T18:30:00.000Z,170.9149932861328,170.9600067138672,169.94000244140625,170.1999053955078,16779036
2025-07-15T19:30:00.000Z,170.19500732421875,170.97999572753906,170.13999938964844,170.5500030517578,16696416
2025-07-16T13:30:00.000Z,171,171.75,169.61000061035156,169.96490478515625,47018712
2025-07-16T14:30:00.000Z,169.96499633789062,170.65499877929688,169.28770446777344,170.37860107421875,25866268
2025-07-16T15:30:00.000Z,170.39010620117188,170.68479919433594,168.89999389648438,170.39500427246094,23472577
2025-07-16T16:30:00.000Z,170.38499450683594,171.4199981689453,170.33009338378906,170.9022979736328,13702209
2025-07-16T17:30:00.000Z,170.91000366210938,171.095703125,170.6240997314453,171.0050048828125,9660542
2025-07-16T18:30:00.000Z,171.0050048828125,171.14999389648438,170.6750030517578,170.77999877929688,11175077
2025-07-16T19:30:00.000Z,170.77999877929688,171.4499053955078,170.75999450683594,171.33999633789062,12791407
2025-07-17T13:30:00.000Z,172.05999755859375,173.64019775390625,170.8300018310547,172.92999267578125,53096486
2025-07-17T14:30:00.000Z,172.92999267578125,173.34500122070312,172.63999938964844,173.11500549316406,16964743
2025-07-17T15:30:00.000Z,173.11000061035156,174.16000366210938,172.93499755859375,173.860107421875,20740420
2025-07-17T16:30:00.000Z,173.86500549316406,173.97999572753906,173.36000061035156,173.72000122070312,14631775
2025-07-17T17:30:00.000Z,173.71499633789062,173.9167022705078,173.0800018310547,173.2989959716797,13460577
2025-07-17T18:30:00.000Z,173.2899932861328,173.68850708007812,173.1750030517578,173.28500366210938,12203669
2025-07-17T19:30:00.000Z,173.28500366210938,173.50999450683594,173.00999450683594,173.1114044189453,14952193
2025-07-18T13:30:00.000Z,173.72999572753906,174.24000549316406,171.93499755859375,172.08999633789062,48486073
2025-07-18T14:30:00.000Z,172.08999633789062,172.74839782714844,171.25999450683594,172.16009521484375,25270061
2025-07-18T15:30:00.000Z,172.1699981689453,172.5800018310547,171.97999572753906,172.15469360351562,12708477
2025-07-18T16:30:00.000Z,172.16000366210938,172.75,171.8000030517578,172.64999389648438,11859350
2025-07-18T17:30:00.000Z,172.64520263671875,172.73500061035156,172.11500549316406,172.4149932861328,9307613
2025-07-18T18:30:00.000Z,172.4152069091797,172.4199981689453,171.88999938964844,172.07000732421875,9333832
2025-07-18T19:30:00.000Z,172.0800018310547,172.4250030517578,171.8249969482422,172.38999938964844,14900120
2025-07-21T13:30:00.000Z,172.73500061035156,173.3800048828125,171.67999267578125,173.08009338378906,34024091
2025-07-21T14:30:00.000Z,173.0850067138672,173.1649932861328,172.4499969482422,172.6981964111328,14503791
2025-07-21T15:30:00.000Z,172.69009399414062,172.82000732421875,171.4499969482422,172.02940368652344,16191347
2025-07-21T16:30:00.000Z,172.02999877929688,172.6199951171875,171.99000549316406,172.55479431152344,10114493
2025-07-21T17:30:00.000Z,172.55819702148438,172.80999755859375,172.47000122070312,172.70480346679688,6943501
2025-07-21T18:30:00.000Z,172.6999969482422,172.72999572753906,171.86000061035156,171.9600067138672,10195751
2025-07-21T19:30:00.000Z,171.9600067138672,172.14999389648438,171.05999755859375,171.4600067138672,11753089
2025-07-22T13:30:00.000Z,171.22000122070312,171.35000610351562,164.5800018310547,166.0847930908203,75042055
2025-07-22T14:30:00.000Z,166.0800018310547,168.1999969482422,166.0800018310547,167.86000061035156,27036246
2025-07-22T15:30:00.000Z,167.86000061035156,168.63999938964844,167.49000549316406,167.5509033203125,20199319
2025-07-22T16:30:00.000Z,167.5500030517578,168.3699951171875,167.35000610351562,168.26499938964844,14441058
2025-07-22T17:30:00.000Z,168.25999450683594,168.4199981689453,167.360107421875,167.90029907226562,10662147
2025-07-22T18:30:00.000Z,167.89999389648438,168.16000366210938,167.72999572753906,167.88499450683594,10053490
2025-07-22T19:30:00.000Z,167.8800048828125,168,166.75999450683594,167.00999450683594,14282707
2025-07-23T13:30:00.000Z,169.52000427246094,170.39999389648438,167.97000122070312,169.1300048828125,46559663
2025-07-23T14:30:00.000Z,169.1300048828125,169.8000030517578,168.47000122070312,169.52330017089844,17365993
2025-07-23T15:30:00.000Z,169.5050048828125,169.8800048828125,168.52999877929688,168.6199951171875,14747305
2025-07-23T16:30:00.000Z,168.6199951171875,169.27999877929688,168.55999755859375,169.03500366210938,9774945
2025-07-23T17:30:00.000Z,169.03990173339844,171.25999450683594,168.97999572753906,170.65750122070312,20290549
2025-07-23T18:30:00.000Z,170.65130615234375,171.05999755859375,170.4600067138672,170.7100067138672,15108435
2025-07-23T19:30:00.000Z,170.6999969482422,170.86000061035156,170.1707000732422,170.8300018310547,13031395
2025-07-24T13:30:00.000Z,172.4499969482422,173.4499969482422,171.3000030517578,172.08999633789062,38225261
2025-07-24T14:30:00.000Z,172.08999633789062,173.1999053955078,171.99000549316406,172.67849731445312,18227398
2025-07-24T15:30:00.000Z,172.69189453125,173.08999633789062,172.39999389648438,172.94500732421875,12437977
2025-07-24T16:30:00.000Z,172.94000244140625,173.67999267578125,172.77000427246094,173.43240356445312,13470296
2025-07-24T17:30:00.000Z,173.42999267578125,173.8300018310547,173.22000122070312,173.4550018310547,12804764
2025-07-24T18:30:00.000Z,173.4550018310547,173.75999450683594,173.25999450683594,173.6501007080078,9442160
2025-07-24T19:30:00.000Z,173.66000366210938,173.82000732421875,173.31500244140625,173.77999877929688,11284670
2025-07-25T13:30:00.000Z,173.61500549316406,174.72000122070312,172.96499633789062,174.46189880371094,38537566
2025-07-25T14:30:00.000Z,174.46820068359375,174.67999267578125,173.63999938964844,174.06809997558594,15660859
2025-07-25T15:30:00.000Z,174.07000732421875,174.52999877929688,173.75,174.3800048828125,13706268
2025-07-25T16:30:00.000Z,174.38999938964844,174.5,173.8300018310547,173.8843994140625,10462333
2025-07-25T17:30:00.000Z,173.88499450683594,173.97000122070312,173.00999450683594,173.64999389648438,11734143
2025-07-25T18:30:00.000Z,173.64999389648438,174.05999755859375,173.41000366210938,173.7949981689453,9810393
2025-07-25T19:30:00.000Z,173.7899932861328,173.99000549316406,173.25,173.49000549316406,11726836
2025-07-28T13:30:00.000Z,174.02000427246094,175.57000732421875,173.97000122070312,174.9250030517578,40106290
2025-07-28T14:30:00.000Z,174.9199981689453,175.25999450683594,174.2550048828125,174.92999267578125,15757910
2025-07-28T15:30:00.000Z,174.9250030517578,175.13999938964844,174.67999267578125,175.0299072265625,9614060
2025-07-28T16:30:00.000Z,175.02020263671875,175.27999877929688,174.6999969482422,175.2100067138672,8315414
2025-07-28T17:30:00.000Z,175.1999969482422,175.69509887695312,175.19869995117188,175.47500610351562,11462309
2025-07-28T18:30:00.000Z,175.47999572753906,176.27499389648438,175.2100067138672,176.15499877929688,15190206
2025-07-28T19:30:00.000Z,176.16000366210938,176.97999572753906,175.8300018310547,176.75,19019292
2025-07-29T13:30:00.000Z,177.9600067138672,179.3800048828125,177.6300048828125,178.13999938964844,47245091
2025-07-29T14:30:00.000Z,178.14999389648438,178.58999633789062,175.67010498046875,175.85989379882812,26997973
2025-07-29T15:30:00.000Z,175.85499572753906,176.77999877929688,175.1699981689453,176.33999633789062,21153065
2025-07-29T16:30:00.000Z,176.34500122070312,176.66000366210938,175.83169555664062,176.19529724121094,11231828
2025-07-29T17:30:00.000Z,176.1999969482422,176.6300048828125,175.8000030517578,176.2050018310547,9845570
2025-07-29T18:30:00.000Z,176.2050018310547,176.57510375976562,175.77000427246094,175.8249969482422,10067988
2025-07-29T19:30:00.000Z,175.8300018310547,175.97039794921875,175.23789978027344,175.50999450683594,14984039
2025-07-30T13:30:00.000Z,176.5500030517578,178.74000549316406,176.0399932861328,178.4600067138672,36121613
2025-07-30T14:30:00.000Z,178.46009826660156,179.27999877929688,178.19000244140625,178.26519775390625,20571627
2025-07-30T15:30:00.000Z,178.26019287109375,179.1999969482422,178.1446990966797,178.80499267578125,13706613
2025-07-30T16:30:00.000Z,178.8000946044922,179.39999389648438,178.8000946044922,179.00669860839844,14438209
2025-07-30T17:30:00.000Z,179.00999450683594,179.67999267578125,178.8800048828125,179.55499267578125,13260125
2025-07-30T18:30:00.000Z,179.55499267578125,179.88999938964844,177.55999755859375,178.58999633789062,28400674
2025-07-30T19:30:00.000Z,178.58999633789062,179.39999389648438,178.5800018310547,179.2899932861328,16698311
2025-07-31T13:30:00.000Z,182.92999267578125,183.2899932861328,180.39999389648438,181.57000732421875,58728773
2025-07-31T14:30:00.000Z,181.57009887695312,181.72000122070312,178.68350219726562,179.889892578125,32906598
2025-07-31T15:30:00.000Z,179.88999938964844,181.49000549316406,179.8000030517578,181.3780059814453,16810132
2025-07-31T16:30:00.000Z,181.37229919433594,181.4949951171875,178.82000732421875,179.02000427246094,18524780
2025-07-31T17:30:00.000Z,179,179.44000244140625,175.92999267578125,177.36500549316406,27861825
2025-07-31T18:30:00.000Z,177.36500549316406,178.1699981689453,177.2100067138672,177.41969299316406,17966475
2025-07-31T19:30:00.000Z,177.4250030517578,178.1699981689453,177.14500427246094,177.85000610351562,16408484
2025-08-01T13:30:00.000Z,174.08999633789062,175.03500366210938,170.88999938964844,174.97500610351562,66875436
2025-08-01T14:30:00.000Z,174.97999572753906,176,174.33999633789062,174.77999877929688,26579583
2025-08-01T15:30:00.000Z,174.77000427246094,176.5399932861328,174.64999389648438,175.82000732421875,18229449
2025-08-01T16:30:00.000Z,175.82000732421875,175.8699951171875,172.6649932861328,173.10989379882812,19679327
2025-08-01T17:30:00.000Z,173.10499572753906,173.6999969482422,171.7949981689453,173.2799072265625,21601464
2025-08-01T18:30:00.000Z,173.27499389648438,174.14999389648438,172.72999572753906,173.75,18409216
2025-08-01T19:30:00.000Z,173.7449951171875,174.6999969482422,173.19500732421875,173.58999633789062,14884559
2025-08-04T13:30:00.000Z,175.16000366210938,178.10000610351562,174.55999755859375,177.9499969482422,40024836
2025-08-04T14:30:00.000Z,177.95140075683594,178.10000610351562,176.92999267578125,177.8498992919922,17929805
2025-08-04T15:30:00.000Z,177.8300018310547,179.03529357910156,177.64999389648438,178.9250030517578,14410982
2025-08-04T16:30:00.000Z,178.9250030517578,179.10000610351562,178.61000061035156,179.02999877929688,10199184
2025-08-04T17:30:00.000Z,179.0399932861328,179.81500244140625,178.69000244140625,179.27000427246094,14291109
2025-08-04T18:30:00.000Z,179.27479553222656,179.66000366210938,178.94000244140625,179.31390380859375,12966879
2025-08-04T19:30:00.000Z,179.3101043701172,179.99000549316406,179.11000061035156,179.97000122070312,14189742
2025-08-05T13:30:00.000Z,179.6199951171875,180.25999450683594,177.75,178.24000549316406,41827154
2025-08-05T14:30:00.000Z,178.25,178.48829650878906,175.89999389648438,176.88499450683594,30111029
2025-08-05T15:30:00.000Z,176.8800048828125,178.26499938964844,176.22000122070312,177.92999267578125,18008893
2025-08-05T16:30:00.000Z,177.9199981689453,178.22000122070312,177.00999450683594,178.02999877929688,12436982
2025-08-05T17:30:00.000Z,178.0399932861328,179.11439514160156,177.9499969482422,178.50999450683594,13221722
2025-08-05T18:30:00.000Z,178.51010131835938,178.82000732421875,177.65150451660156,178.77520751953125,14104085
2025-08-05T19:30:00.000Z,178.77499389648438,178.97500610351562,178.1199951171875,178.25999450683594,11063423
2025-08-06T13:30:00.000Z,176.3249969482422,179.42999267578125,176.25,178.0399932861328,37211087
2025-08-06T14:30:00.000Z,178.02999877929688,178.39999389648438,176.80189514160156,178.14999389648438,20699896
2025-08-06T15:30:00.000Z,178.14999389648438,179.3800048828125,178.02000427246094,178.23500061035156,14807008
2025-08-06T16:30:00.000Z,178.22999572753906,178.4499969482422,177.65809631347656,178.42999267578125,11344990
2025-08-06T17:30:00.000Z,178.4199981689453,179.27999877929688,178.2689971923828,179.22999572753906,10284555
2025-08-06T18:30:00.000Z,179.22000122070312,179.86000061035156,178.8800048828125,179.6649932861328,13334056
2025-08-06T19:30:00.000Z,179.66000366210938,179.89999389648438,179.32000732421875,179.41000366210938,11599106
2025-08-07T13:30:00.000Z,181.5500030517578,183.8800048828125,181.3000030517578,182.47999572753906,48813258
2025-08-07T14:30:00.000Z,182.47500610351562,183.08999633789062,181.14999389648438,181.52999877929688,19854693
2025-08-07T15:30:00.000Z,181.52000427246094,182.02499389648438,180.47999572753906,181.14999389648438,15244882
2025-08-07T16:30:00.000Z,181.13510131835938,181.3350067138672,179.4199981689453,179.97000122070312,15384202
2025-08-07T17:30:00.000Z,179.96499633789062,180.27000427246094,178.7949981689453,179.42010498046875,15509269
2025-08-07T18:30:00.000Z,179.4250030517578,180.24000549316406,179.1199951171875,179.47000122070312,13498015
2025-08-07T19:30:00.000Z,179.47000122070312,180.88999938964844,179.4199981689453,180.8699951171875,11101336
2025-08-08T13:30:00.000Z,181.5500030517578,182.7689971923828,180.39999389648438,182.19500732421875,35346711
2025-08-08T14:30:00.000Z,182.19000244140625,183.3000030517578,182.04449462890625,183.01499938964844,19263080
2025-08-08T15:30:00.000Z,183.0050048828125,183.2899932861328,182.25,182.90809631347656,13673296
2025-08-08T16:30:00.000Z,182.9149932861328,182.9199981689453,181.61000061035156,181.88499450683594,12839636
2025-08-08T17:30:00.000Z,181.8800048828125,182.88999938964844,181.85000610351562,182.61500549316406,10114146
2025-08-08T18:30:00.000Z,182.60009765625,183.05999755859375,182.58009338378906,182.69500732421875,10238542
2025-08-08T19:30:00.000Z,182.69500732421875,183.05999755859375,182.1649932861328,182.75,11085190
2025-08-11T13:30:00.000Z,182.16000366210938,183.66000366210938,180.25,183.3455047607422,44896099
2025-08-11T14:30:00.000Z,183.34500122070312,183.67999267578125,182.3699951171875,183.1800994873047,16480275
2025-08-11T15:30:00.000Z,183.16439819335938,183.83999633789062,182.8800048828125,183.73500061035156,16486141
2025-08-11T16:30:00.000Z,183.73500061035156,183.80499267578125,182.85499572753906,183.23550415039062,10001941
2025-08-11T17:30:00.000Z,183.23500061035156,183.46499633789062,182.59010314941406,182.89999389648438,8923527
2025-08-11T18:30:00.000Z,182.91000366210938,183.08999633789062,182.10000610351562,182.16000366210938,9764807
2025-08-11T19:30:00.000Z,182.16000366210938,182.5800018310547,181.5,182.0850067138672,16433921
2025-08-12T13:30:00.000Z,182.9600067138672,182.99000549316406,179.4600067138672,180.92999267578125,53579929
2025-08-12T14:30:00.000Z,180.9232940673828,182.55999755859375,180.75450134277344,182.0146942138672,19016729
2025-08-12T15:30:00.000Z,182.01010131835938,182.75,181.7602996826172,182.27499389648438,12312308
2025-08-12T16:30:00.000Z,182.27000427246094,182.6999969482422,181.75,182.24000549316406,10381630
2025-08-12T17:30:00.000Z,182.24000549316406,183.08999633789062,182.1750030517578,183.06500244140625,10502042
2025-08-12T18:30:00.000Z,183.0800018310547,183.3300018310547,182.69000244140625,182.7845001220703,11225989
2025-08-12T19:30:00.000Z,182.7899932861328,184.47999572753906,182.25999450683594,183.10000610351562,12971517
2025-08-13T13:30:00.000Z,182.61500549316406,183.968994140625,180.97999572753906,181.41099548339844,57183001
2025-08-13T14:30:00.000Z,181.39500427246094,181.80929565429688,179.35000610351562,180.13180541992188,31905250
2025-08-13T15:30:00.000Z,180.139892578125,181.08999633789062,179.5749969482422,180.0500030517578,18665334
2025-08-13T16:30:00.000Z,180.0399932861328,181.00999450683594,179.39999389648438,180.99000549316406,15541217
2025-08-13T17:30:00.000Z,180.97999572753906,181.66000366210938,180.47000122070312,181.32989501953125,13188042
2025-08-13T18:30:00.000Z,181.3249969482422,181.9199981689453,181.06100463867188,181.26499938964844,13400589
2025-08-13T19:30:00.000Z,181.26499938964844,181.64999389648438,180.6300048828125,181.57000732421875,14629608
2025-08-14T13:30:00.000Z,179.7949981689453,182.66700744628906,179.4600067138672,182.5800018310547,41933654
2025-08-14T14:30:00.000Z,182.57850646972656,183.02000427246094,181.00999450683594,181.3800048828125,19906026
2025-08-14T15:30:00.000Z,181.3800048828125,182.19000244140625,180.9600067138672,181.14349365234375,15698784
2025-08-14T16:30:00.000Z,181.13999938964844,182.1999969482422,181.11000061035156,182.1649932861328,10084493
2025-08-14T17:30:00.000Z,182.1649932861328,182.1699981689453,181.4499969482422,181.52499389648438,8710122
2025-08-14T18:30:00.000Z,181.52999877929688,182.05999755859375,181.4217071533203,181.9600067138672,9628090
2025-08-14T19:30:00.000Z,181.9550018310547,182.24000549316406,181.7899932861328,182,12263611
2025-08-15T13:30:00.000Z,181.75999450683594,181.89999389648438,178.04469299316406,179.92010498046875,53746813
2025-08-15T14:30:00.000Z,179.9250030517578,180.04989624023438,178.75,179.5050048828125,19965791
2025-08-15T15:30:00.000Z,179.5050048828125,179.61000061035156,178.41000366210938,178.92999267578125,16053351
2025-08-15T16:30:00.000Z,178.9250030517578,179.8000030517578,178.8350067138672,179.70010375976562,10662845
2025-08-15T17:30:00.000Z,179.6999969482422,180.30999755859375,179.69000244140625,180.17999267578125,10132382
2025-08-15T18:30:00.000Z,180.18499755859375,180.25,179.48500061035156,179.97000122070312,11672960
2025-08-15T19:30:00.000Z,179.97999572753906,180.5399932861328,179.92999267578125,180.44000244140625,14420184
2025-08-18T13:30:00.000Z,180.64999389648438,182.93499755859375,180.60450744628906,182.67999267578125,41258508
2025-08-18T14:30:00.000Z,182.67999267578125,182.69500732421875,180.94000244140625,181.1519012451172,21186319
2025-08-18T15:30:00.000Z,181.16000366210938,181.8300018310547,181.07000732421875,181.7657928466797,10494508
2025-08-18T16:30:00.000Z,181.75999450683594,181.91000366210938,180.9499969482422,181.49920654296875,10564113
2025-08-18T17:30:00.000Z,181.48500061035156,181.82000732421875,181.13499450683594,181.76210021972656,9063596
2025-08-18T18:30:00.000Z,181.75999450683594,182.61000061035156,181.75010681152344,182.19500732421875,14116183
2025-08-18T19:30:00.000Z,182.19500732421875,182.3800048828125,181.97000122070312,181.97999572753906,8608391
2025-08-19T13:30:00.000Z,182.42999267578125,182.5,178.52999877929688,178.66490173339844,43099321
2025-08-19T14:30:00.000Z,178.66000366210938,179.13999938964844,177.3000030517578,178.27749633789062,31692135
2025-08-19T15:30:00.000Z,178.27499389648438,178.6649932861328,176.80499267578125,177.53990173339844,19758122
2025-08-19T16:30:00.000Z,177.5399932861328,177.75999450683594,175.75,176.69509887695312,23233166
2025-08-19T17:30:00.000Z,176.6699981689453,177.22999572753906,176.4199981689453,176.5749053955078,14572380
2025-08-19T18:30:00.000Z,176.5800018310547,176.75999450683594,175.66000366210938,176.33250427246094,17226419
2025-08-19T19:30:00.000Z,176.3350067138672,176.5800018310547,175.49000549316406,175.64999389648438,16724604
2025-08-20T13:30:00.000Z,175.10000610351562,175.11000061035156,168.80099487304688,170.30999755859375,75230669
2025-08-20T14:30:00.000Z,170.30999755859375,172.47999572753906,168.89999389648438,172.4250030517578,36403063
2025-08-20T15:30:00.000Z,172.4199981689453,174.11000061035156,171.6999969482422,174.0500030517578,25285992
2025-08-20T16:30:00.000Z,174.05499267578125,174.0800018310547,172.64999389648438,173.47500610351562,15454109
2025-08-20T17:30:00.000Z,173.47000122070312,174.4199981689453,172.56019592285156,172.8249969482422,16865512
2025-08-20T18:30:00.000Z,172.82989501953125,174.86000061035156,172.75,174.5800018310547,15941813
2025-08-20T19:30:00.000Z,174.5800018310547,175.5299072265625,174.42999267578125,175.38999938964844,15457138
2025-08-21T13:30:00.000Z,174.8300018310547,176.89999389648438,173.97999572753906,176.47500610351562,42477436
2025-08-21T14:30:00.000Z,176.47149658203125,176.47149658203125,174.60069274902344,174.96499633789062,17677407
2025-08-21T15:30:00.000Z,174.92999267578125,175.63999938964844,174.11000061035156,174.22569274902344,15131639
2025-08-21T16:30:00.000Z,174.22000122070312,174.80999755859375,173.80999755859375,174.26499938964844,14081487
2025-08-21T17:30:00.000Z,174.26499938964844,175.19000244140625,174.2550048828125,174.7449951171875,11047345
2025-08-21T18:30:00.000Z,174.75999450683594,175.0872039794922,174.27000427246094,174.80189514160156,10711465
2025-08-21T19:30:00.000Z,174.8000030517578,175.1300048828125,174.52000427246094,174.9709930419922,10228191
2025-08-22T13:30:00.000Z,172.65499877929688,177.86000061035156,171.1999969482422,176.32000732421875,59679892
2025-08-22T14:30:00.000Z,176.30499267578125,178.3000030517578,176.07000732421875,178.1300048828125,27365324
2025-08-22T15:30:00.000Z,178.125,178.58999633789062,176.8800048828125,177.00579833984375,19515607
2025-08-22T16:30:00.000Z,177.00999450683594,178.3000030517578,176.88999938964844,178.2949981689453,13484278
2025-08-22T17:30:00.000Z,178.2949981689453,178.4199981689453,177.8300018310547,178.11500549316406,11900337
2025-08-22T18:30:00.000Z,178.11500549316406,178.5399932861328,177.74000549316406,178.0601043701172,11391933
2025-08-22T19:30:00.000Z,178.06500244140625,178.41000366210938,177.63999938964844,178.02000427246094,13795946
2025-08-25T13:30:00.000Z,178.35499572753906,179.40989685058594,176.57000732421875,178.99000549316406,42237022
2025-08-25T14:30:00.000Z,178.97999572753906,181.25,178.86419677734375,181.22140502929688,28701803
2025-08-25T15:30:00.000Z,181.23500061035156,181.91000366210938,181.0399932861328,181.5240936279297,21214446
2025-08-25T16:30:00.000Z,181.50999450683594,181.71499633789062,180.6199951171875,181,14530987
2025-08-25T17:30:00.000Z,181.00010681152344,181.47999572753906,180.74000549316406,181.33990478515625,12209736
2025-08-25T18:30:00.000Z,181.3350067138672,181.6699981689453,180.9199981689453,181.03500366210938,12052092
2025-08-25T19:30:00.000Z,181.02999877929688,181.25,179.5800018310547,179.83999633789062,15481637
2025-08-26T13:30:00.000Z,180.00999450683594,181.22999572753906,178.80999755859375,180.97999572753906,41256978
2025-08-26T14:30:00.000Z,180.9600067138672,181.75999450683594,180.67999267578125,180.8800048828125,23689726
2025-08-26T15:30:00.000Z,180.8699951171875,181.9499969482422,180.77999877929688,181.68499755859375,13758007
2025-08-26T16:30:00.000Z,181.69000244140625,181.75,181.22000122070312,181.6199951171875,9254676
2025-08-26T17:30:00.000Z,181.61500549316406,181.8699951171875,180.88999938964844,181.81500244140625,10526629
2025-08-26T18:30:00.000Z,181.81500244140625,182.27000427246094,181.75,182.02549743652344,15952704
2025-08-26T19:30:00.000Z,182.02000427246094,182.38999938964844,181.52999877929688,181.6999969482422,14977172
2025-08-27T13:30:00.000Z,182.07000732421875,182.07000732421875,179.10020446777344,181.05999755859375,56038541
2025-08-27T14:30:00.000Z,181.06179809570312,182.44000244140625,181.05999755859375,181.58999633789062,27348415
2025-08-27T15:30:00.000Z,181.5800018310547,182.22999572753906,181.11000061035156,181.40420532226562,17369181
2025-08-27T16:30:00.000Z,181.39999389648438,182.07000732421875,181.2899932861328,181.93499755859375,14646358
2025-08-27T17:30:00.000Z,181.93499755859375,182.49000549316406,181.6300048828125,182.22259521484375,14657337
2025-08-27T18:30:00.000Z,182.22000122070312,182.22999572753906,180.92999267578125,181.6645965576172,19942375
2025-08-27T19:30:00.000Z,181.6649932861328,181.8300018310547,181.27000427246094,181.60000610351562,20299137
2025-08-28T13:30:00.000Z,180.82000732421875,184.47000122070312,176.41000366210938,177.69500732421875,115181721
2025-08-28T14:30:00.000Z,177.67190551757812,180.60499572753906,177.61749267578125,179.156494140625,37722258
2025-08-28T15:30:00.000Z,179.15499877929688,179.82000732421875,178.3800048828125,179.69000244140625,21239947
2025-08-28T16:30:00.000Z,179.67999267578125,179.97000122070312,178.69000244140625,179.91419982910156,18458449
2025-08-28T17:30:00.000Z,179.9149932861328,180.85000610351562,179.79100036621094,180.82969665527344,18823778
2025-08-28T18:30:00.000Z,180.8249969482422,181.5500030517578,179.97000122070312,180.0800018310547,26267219
2025-08-28T19:30:00.000Z,180.0850067138672,181.0800018310547,179.99000549316406,180.1999969482422,20952896
2025-08-29T13:30:00.000Z,178.11000061035156,178.11000061035156,173.75999450683594,175.06500244140625,80744435
2025-08-29T14:30:00.000Z,175.05999755859375,175.22999572753906,173.3699951171875,174.77499389648438,35501745
2025-08-29T15:30:00.000Z,174.75999450683594,174.8498992919922,173.61000061035156,174.14999389648438,22530764
2025-08-29T16:30:00.000Z,174.14999389648438,174.77000427246094,173.14500427246094,173.52000427246094,19417117
2025-08-29T17:30:00.000Z,173.53500366210938,174.2899932861328,173.25,173.55670166015625,18216909
2025-08-29T18:30:00.000Z,173.57420349121094,174.2698974609375,173.56500244140625,174.0399932861328,16934957
2025-08-29T19:30:00.000Z,174.0449981689453,174.50999450683594,173.35000610351562,174.27999877929688,21927826
2025-09-02T13:30:00.000Z,170.0500030517578,172.37899780273438,168.64999389648438,170.63360595703125,67328024
2025-09-02T14:30:00.000Z,170.6300048828125,170.63999938964844,168.52999877929688,169.05999755859375,33206180
2025-09-02T15:30:00.000Z,169.0500030517578,169.09730529785156,167.2200927734375,167.93499755859375,35717985
2025-09-02T16:30:00.000Z,167.94000244140625,169.35000610351562,167.85000610351562,169.23500061035156,22695385
2025-09-02T17:30:00.000Z,169.22999572753906,169.6199951171875,168.97999572753906,169.1981964111328,15114674
2025-09-02T18:30:00.000Z,169.1999969482422,170.44000244140625,169.03500366210938,170.2949981689453,21361055
2025-09-02T19:30:00.000Z,170.2899932861328,171.1199951171875,170.27999877929688,170.75,18149057
2025-09-03T13:30:00.000Z,170.96600341796875,171.82000732421875,169.52000427246094,171.35000610351562,43886562
2025-09-03T14:30:00.000Z,171.35000610351562,172.41000366210938,170.5800018310547,170.70590209960938,22048727
2025-09-03T15:30:00.000Z,170.70579528808594,171.77999877929688,170.33999633789062,171.52499389648438,16505755
2025-09-03T16:30:00.000Z,171.52999877929688,171.5449981689453,170.57009887695312,170.7834930419922,11770942
2025-09-03T17:30:00.000Z,170.77999877929688,170.9499969482422,169.22000122070312,169.36000061035156,16683384
2025-09-03T18:30:00.000Z,169.36500549316406,169.6654052734375,168.875,169.36500549316406,15625408
2025-09-03T19:30:00.000Z,169.36000061035156,170.63499450683594,169.36000061035156,170.6300048828125,15586633
2025-09-04T13:30:00.000Z,170.5500030517578,171.86000061035156,169.41000366210938,170.8614959716797,41325410
2025-09-04T14:30:00.000Z,170.86000061035156,171.3083038330078,170.0800018310547,170.8000030517578,18117759
2025-09-04T15:30:00.000Z,170.8083953857422,170.94000244140625,170.2100067138672,170.46420288085938,12428337
2025-09-04T16:30:00.000Z,170.46499633789062,171.17999267578125,170.39349365234375,170.4499969482422,10774928
2025-09-04T17:30:00.000Z,170.4550018310547,170.86000061035156,170.35000610351562,170.41220092773438,11356223
2025-09-04T18:30:00.000Z,170.4149932861328,171.1300048828125,170.39999389648438,170.90499877929688,10743103
2025-09-04T19:30:00.000Z,170.88999938964844,171.7375946044922,170.8300018310547,171.64999389648438,14491186
2025-09-05T13:30:00.000Z,168.02999877929688,169.02999877929688,164.22479248046875,165.13729858398438,84959254
2025-09-05T14:30:00.000Z,165.1300048828125,166.13999938964844,164.07000732421875,166.08999633789062,38285700
2025-09-05T15:30:00.000Z,166.08680725097656,166.99000549316406,165.86000061035156,166.36549377441406,22932097
2025-09-05T16:30:00.000Z,166.3699951171875,167.13999938964844,166.25999450683594,166.5850067138672,14017812
2025-09-05T17:30:00.000Z,166.5850067138672,166.88999938964844,165.8800048828125,166.76010131835938,15004758
2025-09-05T18:30:00.000Z,166.75999450683594,167.14999389648438,166.02999877929688,167.09500122070312,16232638
2025-09-05T19:30:00.000Z,167.08999633789062,167.19500732421875,166.50999450683594,167.0399932861328,15720578
2025-09-08T13:30:00.000Z,167.55999755859375,170.9600067138672,167.4499969482422,170.25999450683594,53173407
2025-09-08T14:30:00.000Z,170.25,170.4550018310547,169.5399932861328,169.9698944091797,18395592
2025-09-08T15:30:00.000Z,169.9600067138672,170.25,169.25,170.1649932861328,15482659
2025-09-08T16:30:00.000Z,170.16000366210938,170.19509887695312,169.5,169.86500549316406,10722063
2025-09-08T17:30:00.000Z,169.8699951171875,170.16000366210938,169.52999877929688,169.71499633789062,10813107
2025-09-08T18:30:00.000Z,169.7100067138672,169.91000366210938,168.9499969482422,169.14500427246094,15257114
2025-09-08T19:30:00.000Z,169.14999389648438,169.80999755859375,168.11000061035156,168.3699951171875,21138361
2025-09-09T13:30:00.000Z,168.9199981689453,169.63999938964844,167.48989868164062,168.0800018310547,36489605
2025-09-09T14:30:00.000Z,168.07000732421875,168.13999938964844,166.74009704589844,167.7550048828125,23318993
2025-09-09T15:30:00.000Z,167.7550048828125,168.92999267578125,167.44500732421875,168.7050018310547,14592458
2025-09-09T16:30:00.000Z,168.7100067138672,168.8000030517578,167.93580627441406,168.0850067138672,11117131
2025-09-09T17:30:00.000Z,168.08999633789062,168.59500122070312,167.84500122070312,168.2449951171875,14638624
2025-09-09T18:30:00.000Z,168.25990295410156,170.3699951171875,168.1300048828125,170.23989868164062,18651732
2025-09-09T19:30:00.000Z,170.24000549316406,170.9799041748047,169.83999633789062,170.7584991455078,17249099
2025-09-10T13:30:00.000Z,176.64999389648438,178.9499969482422,175.47999572753906,177.64999389648438,82319968
2025-09-10T14:30:00.000Z,177.64999389648438,179.2899932861328,177.60000610351562,178.61419677734375,36684204
2025-09-10T15:30:00.000Z,178.6199951171875,178.72999572753906,177.47999572753906,177.99000549316406,20946072
2025-09-10T16:30:00.000Z,177.97999572753906,178.14999389648438,177.3699951171875,178.00509643554688,14456545
2025-09-10T17:30:00.000Z,178.0050048828125,178.32000732421875,176.14999389648438,176.27499389648438,18519526
2025-09-10T18:30:00.000Z,176.27000427246094,176.7657928466797,175.9600067138672,176.72500610351562,18537958
2025-09-10T19:30:00.000Z,176.72999572753906,177.54510498046875,176.67999267578125,177.3300018310547,18318589
2025-09-11T13:30:00.000Z,179.69000244140625,180.27999877929688,176.9250030517578,177.2550048828125,47832570
2025-09-11T14:30:00.000Z,177.2550048828125,178.44000244140625,177.14999389648438,178.09500122070312,21434461
2025-09-11T15:30:00.000Z,178.08999633789062,178.52999877929688,177.42999267578125,177.55810546875,14811575
2025-09-11T16:30:00.000Z,177.56419372558594,177.6999969482422,176.9499969482422,177.0941925048828,12011191
2025-09-11T17:30:00.000Z,177.09500122070312,177.73989868164062,176.47999572753906,177.5749969482422,16520716
2025-09-11T18:30:00.000Z,177.5800018310547,177.74000549316406,176.977294921875,177.1199951171875,10922991
2025-09-11T19:30:00.000Z,177.1199951171875,177.5,176.89999389648438,177.08999633789062,10686498
2025-09-12T13:30:00.000Z,177.5,178.0800018310547,176.4499969482422,177.77499389648438,31281879
2025-09-12T14:30:00.000Z,177.77639770507812,178.58999633789062,177.63999938964844,177.6750030517578,18768373
2025-09-12T15:30:00.000Z,177.6649932861328,178.17999267578125,177.3249969482422,178.11000061035156,16940381
2025-09-12T16:30:00.000Z,178.10000610351562,178.21839904785156,177.5,177.52499389648438,9160585
2025-09-12T17:30:00.000Z,177.52000427246094,177.9501953125,177.44500732421875,177.4700927734375,8744569
2025-09-12T18:30:00.000Z,177.4720001220703,177.94000244140625,177.41000366210938,177.68499755859375,10122889
2025-09-12T19:30:00.000Z,177.6842041015625,178,177.39999389648438,177.7899932861328,11842853
2025-09-15T13:30:00.000Z,175.66000366210938,176.57000732421875,174.50999450683594,175.48899841308594,45146345
2025-09-15T14:30:00.000Z,175.49000549316406,177.25,174.8300018310547,177.02169799804688,21808573
2025-09-15T15:30:00.000Z,177.02999877929688,178.08999633789062,176.7700958251953,177.5850067138672,19648158
2025-09-15T16:30:00.000Z,177.5850067138672,178.27999877929688,177.14500427246094,177.27000427246094,12971918
2025-09-15T17:30:00.000Z,177.2718963623047,177.8800048828125,177.22000122070312,177.52499389648438,9423651
2025-09-15T18:30:00.000Z,177.52499389648438,177.85000610351562,176.92340087890625,177.19500732421875,12982335
2025-09-15T19:30:00.000Z,177.1920928955078,178.85000610351562,176.9149932861328,177.77999877929688,14122964
2025-09-16T13:30:00.000Z,177,177.1199951171875,175.7100067138672,176.31500244140625,23361227
2025-09-16T14:30:00.000Z,176.30999755859375,176.85000610351562,175.82000732421875,176.13999938964844,12756309
2025-09-16T15:30:00.000Z,176.1300048828125,176.19500732421875,174.80999755859375,175.26499938964844,13399824
2025-09-16T16:30:00.000Z,175.26499938964844,175.39999389648438,174.9499969482422,175.14999389648438,8504331
2025-09-16T17:30:00.000Z,175.154296875,175.17999267578125,174.64999389648438,174.77499389648438,8772645
2025-09-16T18:30:00.000Z,174.77999877929688,175.22000122070312,174.67999267578125,174.75,8904954
2025-09-16T19:30:00.000Z,174.7449951171875,175.16000366210938,174.3800048828125,174.8300018310547,10908466
2025-09-17T13:30:00.000Z,172.5800018310547,173.1999969482422,169.76499938964844,170.1199951171875,56381360
2025-09-17T14:30:00.000Z,170.1300048828125,170.77999877929688,169.6699981689453,170.40499877929688,24501916
2025-09-17T15:30:00.000Z,170.39999389648438,170.4600067138672,169.30999755859375,169.87840270996094,19537478
2025-09-17T16:30:00.000Z,169.88999938964844,170.27999877929688,169.27000427246094,170.23500061035156,14559453
2025-09-17T17:30:00.000Z,170.25,171.60000610351562,168.64999389648438,170.19580078125,28164845
2025-09-17T18:30:00.000Z,170.2100067138672,171.39999389648438,168.41000366210938,171.18850708007812,33136610
2025-09-17T19:30:00.000Z,171.19639587402344,171.27999877929688,170.1199951171875,170.2100067138672,16604213
2025-09-18T13:30:00.000Z,174.0570068359375,175.8000030517578,172.9600067138672,175.77490234375,60722688
2025-09-18T14:30:00.000Z,175.77000427246094,176.38999938964844,175.08999633789062,176.2550048828125,28413878
2025-09-18T15:30:00.000Z,176.25570678710938,176.57000732421875,175.46499633789062,176.25999450683594,17798601
2025-09-18T16:30:00.000Z,176.2519073486328,176.92999267578125,176.1999969482422,176.6199951171875,14145107
2025-09-18T17:30:00.000Z,176.6199951171875,176.72900390625,176,176.55499267578125,14897510
2025-09-18T18:30:00.000Z,176.55499267578125,177.08999633789062,176.2899932861328,176.34500122070312,15451038
2025-09-18T19:30:00.000Z,176.33999633789062,177.10000610351562,174.2100067138672,176.27999877929688,18968507
2025-09-19T13:30:00.000Z,176.10000610351562,177.789306640625,175.17999267578125,177.7050018310547,56102590
2025-09-19T14:30:00.000Z,177.6999969482422,178.0800018310547,176.1649932861328,176.3000030517578,21800764
2025-09-19T15:30:00.000Z,176.298095703125,176.57989501953125,175.8000030517578,176.0677032470703,16332882
2025-09-19T16:30:00.000Z,176.05999755859375,176.10000610351562,175.55999755859375,175.88499450683594,12387551
2025-09-19T17:30:00.000Z,175.88499450683594,176.22500610351562,175.57260131835938,175.59500122070312,13501140
2025-09-19T18:30:00.000Z,175.59500122070312,176.47999572753906,175.5500030517578,176.31500244140625,14306891
2025-09-19T19:30:00.000Z,176.30999755859375,178,175.8300018310547,176.5019073486328,18105830
2025-09-22T13:30:00.000Z,175.35000610351562,176.07000732421875,174.70530700683594,175.4199981689453,31865074
2025-09-22T14:30:00.000Z,175.4199981689453,176.0800018310547,175.27000427246094,175.46009826660156,16016014
2025-09-22T15:30:00.000Z,175.47000122070312,182.49000549316406,175.39999389648438,182.1999969482422,64690587
2025-09-22T16:30:00.000Z,182.1999969482422,184.5500030517578,182.02999877929688,182.9949951171875,61192196
2025-09-22T17:30:00.000Z,182.99000549316406,183.69000244140625,182.3350067138672,182.68499755859375,24015488
2025-09-22T18:30:00.000Z,182.68499755859375,183.9573974609375,182.52000427246094,183.26010131835938,24735631
2025-09-22T19:30:00.000Z,183.27000427246094,183.80099487304688,182.63999938964844,183.61000061035156,23741673
2025-09-23T13:30:00.000Z,181.53140258789062,182.4199981689453,179.14500427246094,180.6522979736328,41118404
2025-09-23T14:30:00.000Z,180.66000366210938,180.77000427246094,179.41099548339844,180.21499633789062,15283598
2025-09-23T15:30:00.000Z,180.22999572753906,180.3699951171875,179.34500122070312,179.485595703125,11573277
2025-09-23T16:30:00.000Z,179.49000549316406,179.75,178.57000732421875,178.69000244140625,13191585
2025-09-23T17:30:00.000Z,178.69000244140625,178.77000427246094,177.3000030517578,177.89500427246094,59473965
2025-09-23T18:30:00.000Z,177.89999389648438,178.61000061035156,177.63999938964844,178.10000610351562,14812880
2025-09-23T19:30:00.000Z,178.11000061035156,178.9149932861328,176.2100067138672,178.4499969482422,14503114
2025-09-24T13:30:00.000Z,179.25,179.6300048828125,177.60000610351562,178.4949951171875,24773443
2025-09-24T14:30:00.000Z,178.47999572753906,178.875,177.9199981689453,178.3542022705078,11961544
2025-09-24T15:30:00.000Z,178.35499572753906,178.3800048828125,175.39999389648438,176.2449951171875,19802432
2025-09-24T16:30:00.000Z,176.2550048828125,177.22129821777344,175.74000549316406,177.12010192871094,10872730
2025-09-24T17:30:00.000Z,177.1300048828125,177.33999633789062,176.4801025390625,176.72000122070312,8798972
2025-09-24T18:30:00.000Z,176.73500061035156,177.33999633789062,176.54510498046875,177.05999755859375,7526968
2025-09-24T19:30:00.000Z,177.0699005126953,177.22000122070312,176.7050018310547,176.8800048828125,6585490
2025-09-25T13:30:00.000Z,174,177.64999389648438,173.125,177.14500427246094,35556731
2025-09-25T14:30:00.000Z,177.15499877929688,178.57000732421875,176.92999267578125,178.0301055908203,18681926
2025-09-25T15:30:00.000Z,178.02999877929688,180.25999450683594,178.02999877929688,179.26510620117188,20684301
2025-09-25T16:30:00.000Z,179.27000427246094,179.75790405273438,177.40440368652344,177.9799041748047,14562904
2025-09-25T17:30:00.000Z,177.97500610351562,178.13999938964844,175.5482940673828,177.20989990234375,18040186
2025-09-25T18:30:00.000Z,177.20179748535156,177.75,176.77000427246094,177.0749969482422,12699385
2025-09-25T19:30:00.000Z,177.0800018310547,177.94000244140625,176.83999633789062,177.67999267578125,9238888
2025-09-26T13:30:00.000Z,177,178.63999938964844,174.92999267578125,175.58999633789062,28263350
2025-09-26T14:30:00.000Z,175.59010314941406,176.77769470214844,175.36500549316406,176.7449951171875,16379330
2025-09-26T15:30:00.000Z,176.75,176.89999389648438,175.77999877929688,176.52999877929688,11014839
2025-09-26T16:30:00.000Z,176.52650451660156,177.57000732421875,176.1699981689453,177.15499877929688,11609712
2025-09-26T17:30:00.000Z,177.1533966064453,177.9199981689453,176.9705047607422,177.7342987060547,8400243
2025-09-26T18:30:00.000Z,177.74000549316406,177.80999755859375,177.17999267578125,177.68499755859375,8373700
2025-09-26T19:30:00.000Z,177.6800994873047,178.27999877929688,177.49899291992188,178.19000244140625,50759133
2025-09-29T13:30:00.000Z,181.5,184,181.4600067138672,183.375,41112749
2025-09-29T14:30:00.000Z,183.375,183.8800048828125,182.1699981689453,182.3249969482422,21215289
2025-09-29T15:30:00.000Z,182.3249969482422,182.57000732421875,181.44000244140625,182.02999877929688,13497978
2025-09-29T16:30:00.000Z,182.03819274902344,182.30799865722656,181.27999877929688,181.9031982421875,9240745
2025-09-29T17:30:00.000Z,181.89999389648438,182.26739501953125,181.67999267578125,181.7100067138672,7552876
2025-09-29T18:30:00.000Z,181.6999969482422,181.84500122070312,180.6699981689453,180.89500427246094,10601888
2025-09-29T19:30:00.000Z,180.88999938964844,181.94000244140625,180.8699951171875,181.82000732421875,9869077
2025-09-30T13:30:00.000Z,182,184.94000244140625,181.47999572753906,184.73989868164062,41216097
2025-09-30T14:30:00.000Z,184.73500061035156,187.35000610351562,184.55990600585938,186.30990600585938,38277144
2025-09-30T15:30:00.000Z,186.2949981689453,187.1199951171875,185.60000610351562,186.73500061035156,17575412
2025-09-30T16:30:00.000Z,186.73500061035156,186.9499969482422,185.32000732421875,185.625,14131551
2025-09-30T17:30:00.000Z,185.6199951171875,186.4600067138672,185.22999572753906,186.2725067138672,11551216
2025-09-30T18:30:00.000Z,186.27000427246094,186.30999755859375,185.00999450683594,185.88999938964844,12705176
2025-09-30T19:30:00.000Z,185.88999938964844,186.77000427246094,185.3000030517578,186.55999755859375,14524343
2025-10-01T13:30:00.000Z,186,186.6699981689453,183.89999389648438,186.65499877929688,36094855
2025-10-01T14:30:00.000Z,186.65499877929688,187.86500549316406,186.314697265625,186.55999755859375,22794271
2025-10-01T15:30:00.000Z,186.55999755859375,187.52999877929688,186.4199981689453,186.60499572753906,10682992
2025-10-01T16:30:00.000Z,186.61500549316406,188.13999938964844,186.48500061035156,187.57000732421875,12818212
2025-10-01T17:30:00.000Z,187.5800018310547,187.9499969482422,187.3000030517578,187.48440551757812,44723479
2025-10-01T18:30:00.000Z,187.48500061035156,187.69000244140625,187.14999389648438,187.18350219726562,10013033
2025-10-01T19:30:00.000Z,187.17999267578125,187.4600067138672,186.36000061035156,187.1699981689453,15197176
2025-10-02T13:30:00.000Z,189.6199951171875,191.0500030517578,188.26499938964844,190.1049041748047,51136746
2025-10-02T14:30:00.000Z,190.10499572753906,190.4199981689453,188.89999389648438,189.85499572753906,20569176
2025-10-02T15:30:00.000Z,189.85499572753906,189.89169311523438,188.9499969482422,189.2100067138672,13336605
2025-10-02T16:30:00.000Z,189.18499755859375,189.47999572753906,188.77000427246094,189.11929321289062,10186660
2025-10-02T17:30:00.000Z,189.1199951171875,189.24000549316406,188.61000061035156,188.87510681152344,9326052
2025-10-02T18:30:00.000Z,188.8699951171875,189.30499267578125,188.71009826660156,189.18499755859375,10060451
2025-10-02T19:30:00.000Z,189.18499755859375,189.24000549316406,188.5,188.9199981689453,10344240
2025-10-03T13:30:00.000Z,189.18499755859375,190.36000061035156,188.3300018310547,188.94369506835938,31867298
2025-10-03T14:30:00.000Z,188.9499969482422,189.8000030517578,188.3699951171875,189.47390747070312,15378728
2025-10-03T15:30:00.000Z,189.47000122070312,189.54930114746094,188.4199981689453,188.7001953125,12735312
2025-10-03T16:30:00.000Z,188.6999969482422,188.6999969482422,186.9499969482422,187.17750549316406,16666788
2025-10-03T17:30:00.000Z,187.16000366210938,187.52000427246094,185.3800048828125,187.47500610351562,20766990
2025-10-03T18:30:00.000Z,187.47999572753906,187.7449951171875,187.02999877929688,187.3249969482422,11927924
2025-10-03T19:30:00.000Z,187.32000732421875,188,186.22999572753906,187.62100219726562,11488859
2025-10-06T13:30:00.000Z,185.55999755859375,187.2299041748047,183.3300018310547,185.5,59311744
2025-10-06T14:30:00.000Z,185.5399932861328,186.19000244140625,184.2100067138672,185.9698944091797,22980670
2025-10-06T15:30:00.000Z,185.97999572753906,187.22999572753906,185.97999572753906,186.92999267578125,16569881
2025-10-06T16:30:00.000Z,186.93370056152344,186.9600067138672,186.00999450683594,186.14990234375,9813634
2025-10-06T17:30:00.000Z,186.14999389648438,186.2100067138672,185.38999938964844,185.58999633789062,11195919
2025-10-06T18:30:00.000Z,185.59719848632812,186.0500030517578,185.49000549316406,185.80999755859375,9944365
2025-10-06T19:30:00.000Z,185.80999755859375,186.02810668945312,185.42999267578125,185.52999877929688,11119569
2025-10-07T13:30:00.000Z,186.25999450683594,189.05999755859375,186.1999969482422,188.01510620117188,36576448
2025-10-07T14:30:00.000Z,188.02000427246094,188.58999633789062,184.7801055908203,185.24000549316406,30950863
2025-10-07T15:30:00.000Z,185.24000549316406,186.1699981689453,184.40499877929688,185.47000122070312,22823701
2025-10-07T16:30:00.000Z,185.47000122070312,186.4149932861328,185.46499633789062,185.90980529785156,12411681
2025-10-07T17:30:00.000Z,185.86500549316406,186.0399932861328,185.14999389648438,185.89500427246094,8840682
2025-10-07T18:30:00.000Z,185.91000366210938,185.96499633789062,185.4250946044922,185.5863037109375,7925630
2025-10-07T19:30:00.000Z,185.58999633789062,185.67999267578125,184.50999450683594,184.9600067138672,9331222
2025-10-08T13:30:00.000Z,186.6300048828125,189.4199981689453,186.5399932861328,189.0449981689453,45810785
2025-10-08T14:30:00.000Z,189.0449981689453,189.2261962890625,187.75,188.27000427246094,16475937
2025-10-08T15:30:00.000Z,188.27000427246094,188.39500427246094,187.61380004882812,188.18499755859375,11866256
2025-10-08T16:30:00.000Z,188.17999267578125,188.48980712890625,187.76499938964844,188.14999389648438,9095911
2025-10-08T17:30:00.000Z,188.16000366210938,188.88999938964844,188.1199951171875,188.42239379882812,10444809
2025-10-08T18:30:00.000Z,188.42999267578125,188.75,187.98500061035156,188.58999633789062,9523320
2025-10-08T19:30:00.000Z,188.58999633789062,189.19000244140625,188.2949981689453,189.07000732421875,13031125
2025-10-09T13:30:00.000Z,191.97869873046875,195.1999969482422,191.2449951171875,194.05499267578125,70149676
2025-10-09T14:30:00.000Z,193.38999938964844,194.51499938964844,192.22000122070312,193.73500061035156,28384609
2025-10-09T15:30:00.000Z,193.6363067626953,194.53509521484375,193.61000061035156,193.85000610351562,16420256
2025-10-09T16:30:00.000Z,193.875,193.89999389648438,192.5001983642578,192.61000061035156,14651081
2025-10-09T17:30:00.000Z,192.73570251464844,193.0522003173828,192.4669952392578,192.875,12246900
2025-10-09T18:30:00.000Z,192.4503936767578,193.2115936279297,192.24000549316406,193.1199951171875,15734877
2025-10-09T19:30:00.000Z,192.75,192.90499877929688,192.2949981689453,192.2949981689453,10718886
2025-10-10T13:30:00.000Z,192.61000061035156,195.2550048828125,192.22000122070312,195.2550048828125,45351930
2025-10-10T14:30:00.000Z,195.12600708007812,195.6199951171875,188.375,188.5998992919922,54172668
2025-10-10T15:30:00.000Z,188.17349243164062,190.08999633789062,187.00999450683594,189.14999389648438,40762662
2025-10-10T16:30:00.000Z,189.13999938964844,189.66000366210938,186.64089965820312,188.16000366210938,22149826
2025-10-10T17:30:00.000Z,188.14999389648438,188.4600067138672,186.97999572753906,187.72000122070312,15772022
2025-10-10T18:30:00.000Z,187.72000122070312,187.9600067138672,186.11000061035156,186.39999389648438,17485987
2025-10-10T19:30:00.000Z,186.4199981689453,186.55999755859375,182.8000030517578,183.13999938964844,35832393
2025-10-13T13:30:00.000Z,187.96499633789062,190.10989379882812,187.38999938964844,188.49000549316406,53451703
2025-10-13T14:30:00.000Z,188.5,188.77499389648438,185.97000122070312,188.27499389648438,24205593
2025-10-13T15:30:00.000Z,188.27999877929688,188.64999389648438,187.69000244140625,188.43179321289062,13795160
2025-10-13T16:30:00.000Z,188.4208984375,189.42999267578125,188.2700958251953,188.5500030517578,11823453
2025-10-13T17:30:00.000Z,188.5500030517578,188.6558074951172,187.66000366210938,187.9250030517578,10396598
2025-10-13T18:30:00.000Z,187.9250030517578,188.17999267578125,187.25,187.80259704589844,10500602
2025-10-13T19:30:00.000Z,187.8000030517578,188.89999389648438,187.52000427246094,188.32000732421875,13567029
2025-10-14T13:30:00.000Z,184.77999877929688,184.8000030517578,179.6999969482422,182.38499450683594,61673542
2025-10-14T14:30:00.000Z,182.3800048828125,182.42999267578125,180.94500732421875,181.5500030517578,24869258
2025-10-14T15:30:00.000Z,181.55999755859375,183.53599548339844,181.35000610351562,183.43629455566406,21469144
2025-10-14T16:30:00.000Z,183.44000244140625,184.1999969482422,182.91000366210938,183.22500610351562,20202579
2025-10-14T17:30:00.000Z,183.22999572753906,183.30999755859375,181.52349853515625,182.17999267578125,17686398
2025-10-14T18:30:00.000Z,182.17999267578125,182.3699951171875,181.72000122070312,181.89990234375,13423471
2025-10-14T19:30:00.000Z,181.89599609375,181.9199981689453,179.8300018310547,180.07000732421875,26666011
2025-10-15T13:30:00.000Z,184.83999633789062,184.8699951171875,181.02000427246094,182.36990356445312,52916810
2025-10-15T14:30:00.000Z,182.3697967529297,183.2100067138672,181.5,181.71090698242188,28256632
2025-10-15T15:30:00.000Z,181.7100067138672,181.73899841308594,179.86090087890625,180.69020080566406,29801481
2025-10-15T16:30:00.000Z,180.69000244140625,180.74000549316406,177.2899932861328,178.17999267578125,27094307
2025-10-15T17:30:00.000Z,178.17999267578125,180.0207061767578,178.0850067138672,179.79490661621094,18813172
2025-10-15T18:30:00.000Z,179.7949981689453,180.67999267578125,179.6999969482422,180.16000366210938,13746081
2025-10-15T19:30:00.000Z,180.1699981689453,180.3699951171875,178.60459899902344,179.8699951171875,19911874
2025-10-16T13:30:00.000Z,182.19000244140625,183.02000427246094,181.24000549316406,182.41000366210938,41938632
2025-10-16T14:30:00.000Z,182.4199981689453,183.27999877929688,181.97000122070312,182.32139587402344,22390005
2025-10-16T15:30:00.000Z,182.32249450683594,182.7899932861328,180.82000732421875,180.96499633789062,20255390
2025-10-16T16:30:00.000Z,180.97000122070312,182.35000610351562,179.77000427246094,182.3300018310547,23943118
2025-10-16T17:30:00.000Z,182.3249969482422,182.52000427246094,179.8800048828125,180.33999633789062,19387187
2025-10-16T18:30:00.000Z,180.34010314941406,181.61000061035156,179.82000732421875,180.78500366210938,18685762
2025-10-16T19:30:00.000Z,180.8000030517578,182.00999450683594,180.49000549316406,181.81100463867188,13969567
2025-10-17T13:30:00.000Z,180.00999450683594,183.52999877929688,179.8000030517578,183.27999877929688,52215912
2025-10-17T14:30:00.000Z,183.27999877929688,183.35499572753906,180.57000732421875,180.8719940185547,27029244
2025-10-17T15:30:00.000Z,180.8800048828125,182.78509521484375,180.02000427246094,182.6300048828125,20595635
2025-10-17T16:30:00.000Z,182.6199951171875,182.97000122070312,182.00999450683594,182.36000061035156,13910035
2025-10-17T17:30:00.000Z,182.3699951171875,183.86500549316406,181.92999267578125,183.69000244140625,16815195
2025-10-17T18:30:00.000Z,183.6909942626953,184.10000610351562,183.2550048828125,183.7100067138672,15059096
2025-10-17T19:30:00.000Z,183.7100067138672,183.7899932861328,182.83999633789062,183.24000549316406,12278827
2025-10-20T13:30:00.000Z,183.07000732421875,185.05499267578125,181.72999572753906,184.94400024414062,39741770
2025-10-20T14:30:00.000Z,184.94000244140625,185.1999969482422,183.1300048828125,183.78500366210938,21790430
2025-10-20T15:30:00.000Z,183.77999877929688,183.8800048828125,183.02999877929688,183.80999755859375,12556026
2025-10-20T16:30:00.000Z,183.80999755859375,184.25990295410156,183.47999572753906,183.8159942626953,10187702
2025-10-20T17:30:00.000Z,183.80999755859375,183.96499633789062,183.47000122070312,183.63409423828125,7966091
2025-10-20T18:30:00.000Z,183.62530517578125,183.7949981689453,182.60000610351562,182.95530700683594,11984910
2025-10-20T19:30:00.000Z,182.9600067138672,183.1300048828125,182.4499969482422,182.57000732421875,11294009
2025-10-21T13:30:00.000Z,182.77999877929688,182.77999877929688,179.93499755859375,180.18499755859375,36389148
2025-10-21T14:30:00.000Z,180.1959991455078,182.18649291992188,179.8000030517578,181.91000366210938,20754684
2025-10-21T15:30:00.000Z,181.91000366210938,182.6510009765625,181.46009826660156,182.49000549316406,12199927
2025-10-21T16:30:00.000Z,182.49000549316406,182.49549865722656,181.0601043701172,181.47999572753906,11885756
2025-10-21T17:30:00.000Z,181.4801025390625,181.68499755859375,180.97000122070312,181.22999572753906,8908090
2025-10-21T18:30:00.000Z,181.22999572753906,181.47000122070312,180.92999267578125,181.3350067138672,9096058
2025-10-21T19:30:00.000Z,181.3350067138672,181.61990356445312,181.0800018310547,181.13999938964844,7546853
2025-10-22T13:30:00.000Z,181.1300048828125,183.44000244140625,180.2899932861328,180.3968963623047,34186154
2025-10-22T14:30:00.000Z,180.4199981689453,180.88999938964844,178.7899932861328,178.87010192871094,29126012
2025-10-22T15:30:00.000Z,178.89999389648438,179.9600067138672,177.89999389648438,179.22000122070312,19190846
2025-10-22T16:30:00.000Z,179.22000122070312,179.4387969970703,177.22999572753906,177.69000244140625,19775065
2025-10-22T17:30:00.000Z,177.67999267578125,178.04600524902344,176.77000427246094,177.7050018310547,17739839
2025-10-22T18:30:00.000Z,177.69000244140625,179.6300048828125,177.58999633789062,179.47669982910156,15270067
2025-10-22T19:30:00.000Z,179.47999572753906,180.38999938964844,179.4600067138672,180.2899932861328,11283433
2025-10-23T13:30:00.000Z,180.375,181.75999450683594,179.79010009765625,181.58009338378906,31763740
2025-10-23T14:30:00.000Z,181.5800018310547,182.39999389648438,181.22500610351562,181.9949951171875,16283069
2025-10-23T15:30:00.000Z,182,182.5,181.35409545898438,181.82000732421875,10578688
2025-10-23T16:30:00.000Z,181.82000732421875,182.2899932861328,181.57000732421875,181.78500366210938,9233407
2025-10-23T17:30:00.000Z,181.77999877929688,182.9409942626953,181.7440948486328,182.7100067138672,10330473
2025-10-23T18:30:00.000Z,182.7100067138672,183.02999877929688,182.64999389648438,182.78500366210938,9634220
2025-10-23T19:30:00.000Z,182.78500366210938,182.7899932861328,181.8800048828125,182.1999969482422,8583605
2025-10-24T13:30:00.000Z,183.8350067138672,186.02999877929688,183.5,184.61500549316406,37413753
2025-10-24T14:30:00.000Z,184.60000610351562,185.52999877929688,184.3300018310547,185.19000244140625,16357048
2025-10-24T15:30:00.000Z,185.19000244140625,185.60000610351562,185.0800018310547,185.08999633789062,11016169
2025-10-24T16:30:00.000Z,185.08999633789062,185.39999389648438,184.89999389648438,185,7696934
2025-10-24T17:30:00.000Z,185.00999450683594,185.64999389648438,184.99009704589844,185.27499389648438,9319098
2025-10-24T18:30:00.000Z,185.27000427246094,187.47000122070312,185.01499938964844,186.91000366210938,21613138
2025-10-24T19:30:00.000Z,186.91000366210938,187,186.06500244140625,186.25999450683594,14808808
2025-10-27T13:30:00.000Z,189.97999572753906,191.27000427246094,188.43179321289062,189.8800048828125,47161860
2025-10-27T14:30:00.000Z,189.8800048828125,191.47000122070312,189.6999969482422,190.92449951171875,20726049
2025-10-27T15:30:00.000Z,190.92410278320312,191.25,190.72149658203125,190.9250030517578,12818888
2025-10-27T16:30:00.000Z,190.92999267578125,191.77499389648438,190.77999877929688,191.3341064453125,12280428
2025-10-27T17:30:00.000Z,191.3350067138672,191.4499969482422,190.5399932861328,190.55999755859375,11050962
2025-10-27T18:30:00.000Z,190.55499267578125,190.9250030517578,190.27000427246094,190.7252960205078,13555691
2025-10-27T19:30:00.000Z,190.72999572753906,191.75,190.7100067138672,191.42999267578125,15074766
2025-10-28T13:30:00.000Z,193.0500030517578,195.468994140625,192.5601043701172,192.8249969482422,45569836
2025-10-28T14:30:00.000Z,192.8249969482422,193.34500122070312,192.1999969482422,192.80499267578125,15309085
2025-10-28T15:30:00.000Z,192.8000030517578,194.2100067138672,191.91000366210938,193.70010375976562,21440152
2025-10-28T16:30:00.000Z,193.7050018310547,196.57000732421875,193.26820373535156,194.58929443359375,44808829
2025-10-28T17:30:00.000Z,194.58999633789062,199.5399932861328,194.5,199.31199645996094,51096684
2025-10-28T18:30:00.000Z,199.31500244140625,202.20590209960938,199.05999755859375,202.01499938964844,58853278
2025-10-28T19:30:00.000Z,202.01499938964844,203.14999389648438,200.64999389648438,201.02999877929688,35924486
2025-10-29T13:30:00.000Z,207.97999572753906,212.1898956298828,207.08999633789062,210.61000061035156,113829055
2025-10-29T14:30:00.000Z,210.6199951171875,211.60000610351562,207.86500549316406,208.7949981689453,39423803
2025-10-29T15:30:00.000Z,208.7899932861328,209.07000732421875,205.02999877929688,206.58999633789062,34968460
2025-10-29T16:30:00.000Z,206.57899475097656,207.7899932861328,205.4499969482422,206.78900146484375,22268708
2025-10-29T17:30:00.000Z,206.77999877929688,208.02499389648438,206.22999572753906,206.94000244140625,20595473
2025-10-29T18:30:00.000Z,206.94000244140625,207.39999389648438,204.77999877929688,207.0399932861328,34988953
2025-10-29T19:30:00.000Z,207.02499389648438,208.0500030517578,206.52000427246094,207.0500030517578,19062261
2025-10-30T13:30:00.000Z,205.2050018310547,206.13999938964844,201.41000366210938,202.20590209960938,40981766
2025-10-30T14:30:00.000Z,202.1999969482422,203.85000610351562,202.0500030517578,203.0749969482422,16584564
2025-10-30T15:30:00.000Z,203.0800018310547,203.83999633789062,202.05999755859375,203.42990112304688,12480897
2025-10-30T16:30:00.000Z,203.42999267578125,203.82989501953125,202.44070434570312,203.05499267578125,9224051
2025-10-30T17:30:00.000Z,203.05999755859375,204.4799041748047,202.77999877929688,203.5904998779297,10066606
2025-10-30T18:30:00.000Z,203.5850067138672,204.27000427246094,201.8800048828125,202.54989624023438,11030647
2025-10-30T19:30:00.000Z,202.55999755859375,203.13999938964844,201.97999572753906,202.8000030517578,9738038
2025-10-31T13:30:00.000Z,206.4499969482422,207.97000122070312,204.6199951171875,205.47999572753906,26815362
2025-10-31T14:30:00.000Z,205.49000549316406,206.6199951171875,204.9600067138672,205.2801055908203,12951916
2025-10-31T15:30:00.000Z,205.2899932861328,205.6699981689453,203.22999572753906,203.98500061035156,14396998
2025-10-31T16:30:00.000Z,203.97999572753906,204.3800048828125,202.07000732421875,202.8365020751953,12054501
2025-10-31T17:30:00.000Z,202.80999755859375,204.36990356445312,202.42999267578125,204.27000427246094,9275762
2025-10-31T18:30:00.000Z,204.27999877929688,204.77000427246094,203.33999633789062,204.41000366210938,9598288
2025-10-31T19:30:00.000Z,204.41000366210938,204.6699981689453,202.38999938964844,202.41000366210938,12019512
2025-11-03T14:30:00.000Z,208.05499267578125,209.4499969482422,206.8000030517578,207.7949981689453,31975951
2025-11-03T15:30:00.000Z,207.7949981689453,208.5399932861328,207.02999877929688,207.9149932861328,13106502
2025-11-03T16:30:00.000Z,207.91000366210938,209.88999938964844,207.6999969482422,209.4199981689453,13815297
2025-11-03T17:30:00.000Z,209.4199981689453,211.3350067138672,209.38999938964844,210.95989990234375,17314585
2025-11-03T18:30:00.000Z,210.9550018310547,211.0500030517578,207.5,207.7050018310547,17239185
2025-11-03T19:30:00.000Z,207.69000244140625,208.42999267578125,206.8300018310547,207.0749969482422,15544676
2025-11-03T20:30:00.000Z,207.0800018310547,207.38999938964844,206.3300018310547,207,54948566
2025-11-04T14:30:00.000Z,202.94500732421875,203.9698944091797,200.89999389648438,201.6595001220703,31537039
2025-11-04T15:30:00.000Z,201.64500427246094,202.39999389648438,200.92410278320312,201.85000610351562,17357235
2025-11-04T16:30:00.000Z,201.85000610351562,202.3000030517578,199.8000030517578,200.97500610351562,15379806
2025-11-04T17:30:00.000Z,200.97760009765625,201.24000549316406,199.8000030517578,199.82510375976562,10260122
2025-11-04T18:30:00.000Z,199.82000732421875,200.85000610351562,199.20010375976562,200.19000244140625,12554670
2025-11-04T19:30:00.000Z,200.17999267578125,200.22999572753906,198.5800018310547,199.88499450683594,13670302
2025-11-04T20:30:00.000Z,199.88999938964844,200.25999450683594,197.92999267578125,198.5399932861328,13531541
2025-11-05T14:30:00.000Z,198.72000122070312,201.02000427246094,196.97999572753906,200.6300048828125,29256410
2025-11-05T15:30:00.000Z,200.63009643554688,202.9199981689453,200.33999633789062,202.33999633789062,15957621
2025-11-05T16:30:00.000Z,202.34010314941406,202.39999389648438,201.13999938964844,201.27000427246094,9158713
2025-11-05T17:30:00.000Z,201.27499389648438,201.8000030517578,200.67999267578125,200.9499969482422,7174505
2025-11-05T18:30:00.000Z,200.9499969482422,202.27499389648438,200.82000732421875,201.03500366210938,8374576
2025-11-05T19:30:00.000Z,201.0399932861328,201.52999877929688,199.14999389648438,199.5301055908203,9942383
2025-11-05T20:30:00.000Z,199.52999877929688,199.53500366210938,194.97000122070312,195.1699981689453,20754338
2025-11-06T14:30:00.000Z,196.35499572753906,197.6199951171875,192.00999450683594,193.06500244140625,34294010
2025-11-06T15:30:00.000Z,193.0782012939453,193.30999755859375,189.4499969482422,190.6999969482422,25489219
2025-11-06T16:30:00.000Z,190.68499755859375,190.75,186.3800048828125,186.82000732421875,23698146
2025-11-06T17:30:00.000Z,186.80999755859375,189.68499755859375,186.57000732421875,189.20640563964844,17626398
2025-11-06T18:30:00.000Z,189.19000244140625,190.58999633789062,188.335205078125,190.5,14197269
2025-11-06T19:30:00.000Z,190.49000549316406,190.69000244140625,189.28500366210938,189.82000732421875,12207324
2025-11-06T20:30:00.000Z,189.81500244140625,189.97999572753906,187.10000610351562,188.1699981689453,15254119
2025-11-07T14:30:00.000Z,184.86000061035156,185.6999969482422,181.75999450683594,182.42799377441406,43489348
2025-11-07T15:30:00.000Z,182.4346923828125,182.82000732421875,178.9199981689453,180.11219787597656,31031004
2025-11-07T16:30:00.000Z,180.10000610351562,182.61500549316406,179.6999969482422,182.05999755859375,18278444
2025-11-07T17:30:00.000Z,182.0399932861328,184.5,181.52999877929688,184.44000244140625,16835961
2025-11-07T18:30:00.000Z,184.44000244140625,185.47999572753906,183.67019653320312,184.98500061035156,18717862
2025-11-07T19:30:00.000Z,184.99000549316406,187.47000122070312,184.9499969482422,186.13499450683594,21454529
2025-11-07T20:30:00.000Z,186.13499450683594,188.30999755859375,186.13499450683594,188.2299041748047,13945671
2025-11-10T14:30:00.000Z,195.11000061035156,197.0500030517578,193.9199981689453,196.6199951171875,38233320
2025-11-10T15:30:00.000Z,196.6199951171875,197.6699981689453,194.02999877929688,194.12179565429688,23017353
2025-11-10T16:30:00.000Z,194.1199951171875,196.1199951171875,193.7899932861328,195.8656005859375,13943848
2025-11-10T17:30:00.000Z,195.88499450683594,197.2689971923828,195.860107421875,196.71180725097656,10659812
2025-11-10T18:30:00.000Z,196.72500610351562,198.0800018310547,196.5850067138672,197.9199981689453,13268511
2025-11-10T19:30:00.000Z,197.9138946533203,198.9199981689453,197.68499755859375,198.74000549316406,14263479
2025-11-10T20:30:00.000Z,198.73500061035156,199.94000244140625,198.6300048828125,199.0399932861328,16182022
2025-11-11T14:30:00.000Z,195.15499877929688,195.4199981689453,192.08999633789062,192.52999877929688,37526712
2025-11-11T15:30:00.000Z,192.5399932861328,193.28990173339844,191.55999755859375,192.375,18843337
2025-11-11T16:30:00.000Z,192.3800048828125,193.22000122070312,191.3000030517578,192.4199981689453,15368429
2025-11-11T17:30:00.000Z,192.4149932861328,193.97000122070312,192.27499389648438,193.64999389648438,12973699
2025-11-11T18:30:00.000Z,193.66000366210938,194.6300048828125,193.13499450683594,193.97509765625,12912352
2025-11-11T19:30:00.000Z,193.97979736328125,194.33990478515625,193.55999755859375,194.10499572753906,9579599
2025-11-11T20:30:00.000Z,194.10499572753906,194.3000030517578,192.8300018310547,193.22999572753906,10665446
2025-11-12T14:30:00.000Z,195.69500732421875,195.88999938964844,191.59010314941406,192.69000244140625,32595058
2025-11-12T15:30:00.000Z,192.69000244140625,193.1470947265625,191.4600067138672,193.10000610351562,16898205
2025-11-12T16:30:00.000Z,193.0850067138672,193.55999755859375,191.6699981689453,192.0500030517578,13500602
2025-11-12T17:30:00.000Z,192.0399932861328,193.11500549316406,191.75999450683594,192.6300048828125,10499784
2025-11-12T18:30:00.000Z,192.6082000732422,193.26589965820312,192.02000427246094,192.12989807128906,9617343
2025-11-12T19:30:00.000Z,192.1300048828125,192.47999572753906,191.1300048828125,192.41000366210938,10740232
2025-11-12T20:30:00.000Z,192.39999389648438,193.89999389648438,192.32069396972656,193.85000610351562,10004331
2025-11-13T14:30:00.000Z,191.0399932861328,191.44000244140625,186.9499969482422,188.09609985351562,34364805
2025-11-13T15:30:00.000Z,188.10000610351562,188.13999938964844,185.3800048828125,186.2899932861328,23729370
2025-11-13T16:30:00.000Z,186.2949981689453,187.1699981689453,185.35000610351562,186.92990112304688,15881795
2025-11-13T17:30:00.000Z,186.9199981689453,187.22999572753906,184.56500244140625,184.86500549316406,14047159
2025-11-13T18:30:00.000Z,184.86000061035156,186.0449981689453,183.85000610351562,186.00999450683594,57161519
2025-11-13T19:30:00.000Z,186,186.4866943359375,185.02000427246094,185.9499969482422,0
2025-11-13T20:30:00.000Z,185.9600067138672,187.1999969482422,185.72000122070312,186.9600067138672,13785265
2025-11-14T14:30:00.000Z,182.86000061035156,187.82000732421875,180.5800018310547,186.9644012451172,45071493
2025-11-14T15:30:00.000Z,186.95509338378906,190.57000732421875,186.85000610351562,189.97979736328125,20026763
2025-11-14T16:30:00.000Z,189.97999572753906,190.68179321289062,189.33999633789062,190.03500366210938,12795289
2025-11-14T17:30:00.000Z,190.0399932861328,190.27999877929688,188.6300048828125,189.1999969482422,11150771
2025-11-14T18:30:00.000Z,189.19000244140625,190.02000427246094,188.39999389648438,189.9600067138672,10931312
2025-11-14T19:30:00.000Z,189.97999572753906,191.00999450683594,189.75,190.10000610351562,11899532
2025-11-14T20:30:00.000Z,190.10000610351562,190.4600067138672,189.36000061035156,190.27999877929688,10113478
2025-11-17T14:30:00.000Z,185.89999389648438,189,184.92999267578125,187.5500030517578,32446940
2025-11-17T15:30:00.000Z,187.5500030517578,187.88999938964844,185.74000549316406,187.1999969482422,15318699
2025-11-17T16:30:00.000Z,187.20010375976562,188.3000030517578,186.5,187.5800018310547,13228969
2025-11-17T17:30:00.000Z,187.58999633789062,187.9199981689453,186.27000427246094,186.72999572753906,10873398
2025-11-17T18:30:00.000Z,186.72000122070312,187.5500030517578,184.8800048828125,185.3300018310547,12268419
2025-11-17T19:30:00.000Z,185.3300018310547,185.60000610351562,184.32000732421875,184.93499755859375,14051559
2025-11-17T20:30:00.000Z,184.94000244140625,186.7899932861328,184.66000366210938,186.58999633789062,11922179
2025-11-18T14:30:00.000Z,183.3300018310547,184.27000427246094,179.64999389648438,181.85000610351562,48839802
2025-11-18T15:30:00.000Z,181.86000061035156,183.0800018310547,180.17010498046875,182.88999938964844,23708753
2025-11-18T16:30:00.000Z,182.89999389648438,183.7100067138672,181.4344940185547,181.5800018310547,17762717
2025-11-18T17:30:00.000Z,181.57000732421875,184.61000061035156,181.39999389648438,183.6199951171875,14657409
2025-11-18T18:30:00.000Z,183.63999938964844,184.5,183.1300048828125,183.4499969482422,12177112
2025-11-18T19:30:00.000Z,183.4698944091797,184.64999389648438,182.39999389648438,182.91000366210938,13305432
2025-11-18T20:30:00.000Z,182.88999938964844,183.10000610351562,181.19000244140625,181.3000030517578,13699922
2025-11-19T14:30:00.000Z,184.8000030517578,187.80999755859375,183.27999877929688,187.6300048828125,38469108
2025-11-19T15:30:00.000Z,187.63589477539062,187.85409545898438,184.8699951171875,185.38999938964844,21336004
2025-11-19T16:30:00.000Z,185.3800048828125,185.49000549316406,183.89039611816406,184.38999938964844,15792899
2025-11-19T17:30:00.000Z,184.38490295410156,185.60000610351562,182.83009338378906,184.25999450683594,16969053
2025-11-19T18:30:00.000Z,184.25,185.8800048828125,184.1199951171875,184.6300048828125,13831848
2025-11-19T19:30:00.000Z,184.6300048828125,187.05999755859375,184.36000061035156,186.7050018310547,17271695
2025-11-19T20:30:00.000Z,186.71499633789062,187.3459014892578,185.75,186.69180297851562,16630438
2025-11-20T14:30:00.000Z,195.9499969482422,196,192.2899932861328,193.9199981689453,62106291
2025-11-20T15:30:00.000Z,193.91000366210938,194.64999389648438,188.49000549316406,189.75999450683594,34578314
2025-11-20T16:30:00.000Z,189.7301025390625,189.9499053955078,182.35000610351562,183.68519592285156,45694421
2025-11-20T17:30:00.000Z,183.685302734375,185.8800048828125,181.77999877929688,184.50999450683594,28824890
2025-11-20T18:30:00.000Z,184.5,184.8699951171875,180.9499969482422,182.72000122070312,22398571
2025-11-20T19:30:00.000Z,182.7100067138672,183.75,181.3699951171875,182.3800048828125,19768242
2025-11-20T20:30:00.000Z,182.38499450683594,182.99000549316406,179.85000610351562,180.94000244140625,18988723
2025-11-21T14:30:00.000Z,181.23500061035156,182.3000030517578,175.47999572753906,175.7899932861328,67502729
2025-11-21T15:30:00.000Z,175.80999755859375,178.94000244140625,172.94000244140625,178.86000061035156,46262440
2025-11-21T16:30:00.000Z,178.85470581054688,181.41000366210938,178.8000030517578,181.07000732421875,29829294
2025-11-21T17:30:00.000Z,181.0800018310547,181.9550018310547,178.61000061035156,179.33470153808594,19462417
2025-11-21T18:30:00.000Z,179.32000732421875,184.55999755859375,179.1300048828125,184.19000244140625,30711523
2025-11-21T19:30:00.000Z,184.19349670410156,184.4550018310547,180.35000610351562,180.38999938964844,22276052
2025-11-21T20:30:00.000Z,180.3699951171875,180.91000366210938,178.5,178.94000244140625,17142253
2025-11-24T14:30:00.000Z,179.5,180.8699951171875,176.47999572753906,178,43370401
2025-11-24T15:30:00.000Z,178.00860595703125,182.32000732421875,177.67999267578125,182.08999633789062,24840299
2025-11-24T16:30:00.000Z,182.05999755859375,183.1300048828125,181.61000061035156,182.47000122070312,17332798
2025-11-24T17:30:00.000Z,182.46499633789062,183.3699951171875,181.8350067138672,182.10000610351562,12407053
2025-11-24T18:30:00.000Z,182.09500122070312,182.55999755859375,181.27999877929688,181.8699951171875,12475956
2025-11-24T19:30:00.000Z,181.87620544433594,182.47999572753906,181.08399963378906,181.6699981689453,13511330
2025-11-24T20:30:00.000Z,181.6699981689453,183.47999572753906,181.2100067138672,182.5500030517578,65119838
2025-11-25T14:30:00.000Z,174.91000366210938,175,169.5500030517578,171.0749969482422,79887076
2025-11-25T15:30:00.000Z,171.07000732421875,174.8800048828125,171.0281982421875,174.7238006591797,33770896
2025-11-25T16:30:00.000Z,174.72000122070312,175.99000549316406,174.13009643554688,175.53500366210938,22733351
2025-11-25T17:30:00.000Z,175.52999877929688,176.47999572753906,175.07020568847656,176.2050018310547,16279741
2025-11-25T18:30:00.000Z,176.2050018310547,176.83999633789062,174.33999633789062,174.77499389648438,17449279
2025-11-25T19:30:00.000Z,174.77999877929688,176.97000122070312,173.6199951171875,176.84170532226562,23100143
2025-11-25T20:30:00.000Z,176.84500122070312,178.16000366210938,176.7100067138672,177.8000030517578,15031963
2025-11-26T14:30:00.000Z,181.6300048828125,182.91000366210938,178.24000549316406,179.5850067138672,45946959
2025-11-26T15:30:00.000Z,179.5850067138672,181.11000061035156,179.5850067138672,180.91000366210938,16924615
2025-11-26T16:30:00.000Z,180.9199981689453,181.72999572753906,180.125,180.77999877929688,14050216
2025-11-26T17:30:00.000Z,180.78030395507812,181.5,180.38999938964844,180.80999755859375,11563205
2025-11-26T18:30:00.000Z,180.80999755859375,180.84500122070312,179.793701171875,180.5500030517578,10619635
2025-11-26T19:30:00.000Z,180.5500030517578,180.75999450683594,179.92999267578125,180.50999450683594,10611517
2025-11-26T20:30:00.000Z,180.5050048828125,180.75,179.875,180.19000244140625,9278599
2025-11-28T14:30:00.000Z,178.7895965576172,179.2899932861328,176.97000122070312,177.2899932861328,30011592
2025-11-28T15:30:00.000Z,177.24000549316406,178.0800018310547,176.75,177.08140563964844,17490994
2025-11-28T16:30:00.000Z,177.0850067138672,177.33999633789062,176.53140258789062,177.1342010498047,14456367
2025-11-28T18:00:00.000Z,177.1334991455078,180.25999450683594,175.07000732421875,176.6199951171875,0
2025-12-01T14:30:00.000Z,174.6999969482422,179.13999938964844,173.67999267578125,178.86000061035156,41192309
2025-12-01T15:30:00.000Z,178.85000610351562,180.00999450683594,178.22000122070312,178.9600067138672,19055485
2025-12-01T16:30:00.000Z,178.94000244140625,180.0800018310547,178.8300018310547,179.8350067138672,13512472
2025-12-01T17:30:00.000Z,179.8350067138672,180.3000030517578,179.1699981689453,179.40499877929688,11026020
2025-12-01T18:30:00.000Z,179.41000366210938,179.9853973388672,178.86000061035156,179.08999633789062,9463328
2025-12-01T19:30:00.000Z,179.08999633789062,179.47999572753906,178.62489318847656,179.37989807128906,10803646
2025-12-01T20:30:00.000Z,179.3800048828125,180,179.22000122070312,179.99000549316406,9755933
2025-12-02T14:30:00.000Z,182.25,185.66000366210938,182.07009887695312,183.2550048828125,40993279
2025-12-02T15:30:00.000Z,183.22500610351562,184.63999938964844,180.1699981689453,180.55999755859375,26987007
2025-12-02T16:30:00.000Z,180.52999877929688,182.25999450683594,180,182.16000366210938,16599118
2025-12-02T17:30:00.000Z,182.16000366210938,182.3800048828125,181.08009338378906,181.71499633789062,11681277
2025-12-02T18:30:00.000Z,181.7100067138672,181.84500122070312,180.75,181,8886433
2025-12-02T19:30:00.000Z,180.97999572753906,181.77999877929688,180.93499755859375,181.42999267578125,8959159
2025-12-02T20:30:00.000Z,181.41749572753906,181.6999969482422,181,181.36000061035156,7888265
2025-12-03T14:30:00.000Z,181.06500244140625,181.2191925048828,179.110107421875,180.3300018310547,31808430
2025-12-03T15:30:00.000Z,180.32000732421875,182.4199981689453,179.9300994873047,180.5500030517578,18136013
2025-12-03T16:30:00.000Z,180.5449981689453,181.22000122070312,179.82000732421875,180.375,10736030
2025-12-03T17:30:00.000Z,180.3699951171875,180.97999572753906,180.0644989013672,180.64999389648438,7611606
2025-12-03T18:30:00.000Z,180.66000366210938,181.27999877929688,180.4420928955078,180.7449951171875,9127929
2025-12-03T19:30:00.000Z,180.7440948486328,180.9600067138672,179.91000366210938,180.02000427246094,10015000
2025-12-03T20:30:00.000Z,180.02000427246094,180.02999877929688,179.27999877929688,179.63999938964844,49322097
2025-12-04T14:30:00.000Z,180.86000061035156,183.11000061035156,180.06500244140625,181.08009338378906,32979831
2025-12-04T15:30:00.000Z,181.0850067138672,183.02000427246094,181.00999450683594,182.63510131835938,18829532
2025-12-04T16:30:00.000Z,182.63259887695312,184.51499938964844,182.4949951171875,183.5449981689453,17920525
2025-12-04T17:30:00.000Z,183.5399932861328,184.11000061035156,183.05999755859375,183.61500549316406,9241513
2025-12-04T18:30:00.000Z,183.60000610351562,183.7899932861328,182,182.31500244140625,9737123
2025-12-04T19:30:00.000Z,182.3101043701172,183.23590087890625,182.25,182.32350158691406,9446805
2025-12-04T20:30:00.000Z,182.3249969482422,183.47999572753906,182.27999877929688,183.39999389648438,7290764
2025-12-05T14:30:00.000Z,183.86000061035156,184.66000366210938,180.91000366210938,182.7698974609375,31800007
2025-12-05T15:30:00.000Z,182.75,183.34500122070312,181.50999450683594,182.05999755859375,15107397
2025-12-05T16:30:00.000Z,182.07000732421875,182.50999450683594,181.5800018310547,181.77980041503906,9661576
2025-12-05T17:30:00.000Z,181.77999877929688,182.3699951171875,181.50999450683594,182.24000549316406,7846279
2025-12-05T18:30:00.000Z,182.22999572753906,182.49000549316406,181.14999389648438,181.45509338378906,9682336
2025-12-05T19:30:00.000Z,181.47000122070312,182.0800018310547,181.32000732421875,181.8574981689453,7419949
2025-12-05T20:30:00.000Z,181.83999633789062,182.63999938964844,181.3000030517578,182.35000610351562,9289965
2025-12-08T14:30:00.000Z,182.6300048828125,185.6999969482422,182.39999389648438,183.05059814453125,31629584
2025-12-08T15:30:00.000Z,183.0500030517578,184.53990173339844,182.86000061035156,183.48500061035156,15218096
2025-12-08T16:30:00.000Z,183.47000122070312,183.6898956298828,182.91000366210938,183.40499877929688,8622856
2025-12-08T17:30:00.000Z,183.40390014648438,187.99000549316406,182.89999389648438,185.89410400390625,28598668
2025-12-08T18:30:00.000Z,185.8800048828125,186.0800018310547,183.72999572753906,184.7064971923828,16919547
2025-12-08T19:30:00.000Z,184.70010375976562,185.0800018310547,184.31019592285156,184.88499450683594,11168209
2025-12-08T20:30:00.000Z,184.89999389648438,185.60000610351562,184.22999572753906,185.5800018310547,10293098
2025-12-09T14:30:00.000Z,185.5500030517578,185.59249877929688,183.32000732421875,184.6300048828125,34498889
2025-12-09T15:30:00.000Z,184.6300048828125,185.71670532226562,184.14999389648438,185.07000732421875,16816492
2025-12-09T16:30:00.000Z,185.07000732421875,185.14999389648438,184.27999877929688,184.88800048828125,9798280
2025-12-09T17:30:00.000Z,184.88999938964844,185.17999267578125,184.75,184.8582000732422,6431260
2025-12-09T18:30:00.000Z,184.85000610351562,184.97999572753906,184.47999572753906,184.5449981689453,6781968
2025-12-09T19:30:00.000Z,184.5449981689453,184.75,184.02000427246094,184.3300018310547,7998590
2025-12-09T20:30:00.000Z,184.3300018310547,185.5500030517578,184.19479370117188,184.97000122070312,42282644
2025-12-10T14:30:00.000Z,184.99000549316406,185.47999572753906,183.66000366210938,183.85960388183594,23220830
2025-12-10T15:30:00.000Z,183.85000610351562,184.02000427246094,182.03500366210938,182.8455047607422,16910743
2025-12-10T16:30:00.000Z,182.83999633789062,182.94000244140625,182.14010620117188,182.57000732421875,9730722
2025-12-10T17:30:00.000Z,182.56500244140625,183.42999267578125,182.36000061035156,182.61000061035156,8737291
2025-12-10T18:30:00.000Z,182.61000061035156,183.86000061035156,182.4499969482422,183.09579467773438,12230964
2025-12-10T19:30:00.000Z,183.1300048828125,184.6999969482422,182.4949951171875,183.7899932861328,17627934
2025-12-10T20:30:00.000Z,183.7899932861328,184.0500030517578,183.46499633789062,183.77999877929688,9467558
2025-12-11T14:30:00.000Z,180.27499389648438,180.4199981689453,176.6199951171875,178.0850067138672,37363624
2025-12-11T15:30:00.000Z,178.10000610351562,178.27000427246094,176.83200073242188,177.05990600585938,17316464
2025-12-11T16:30:00.000Z,177.0500030517578,178.77000427246094,176.9250030517578,178.4862060546875,12621994
2025-12-11T17:30:00.000Z,178.49000549316406,179.77099609375,178.49000549316406,179.30499267578125,10408848
2025-12-11T18:30:00.000Z,179.3000030517578,180.99000549316406,179.02000427246094,180.906494140625,12558029
2025-12-11T19:30:00.000Z,180.91000366210938,181.32000732421875,179.97000122070312,180.36990356445312,12050067
2025-12-11T20:30:00.000Z,180.36000061035156,181.08999633789062,180.1342010498047,180.9355010986328,7710478
2025-12-12T14:30:00.000Z,181.25999450683594,182.82000732421875,179.32000732421875,179.5399932861328,29530704
2025-12-12T15:30:00.000Z,179.52999877929688,180.14999389648438,175.83999633789062,176.63499450683594,26510600
2025-12-12T16:30:00.000Z,176.60000610351562,177.38999938964844,175.2100067138672,176.52000427246094,17972854
2025-12-12T17:30:00.000Z,176.52999877929688,178.17999267578125,176.2100067138672,177.4499969482422,17539226
2025-12-12T18:30:00.000Z,177.45150756835938,177.78579711914062,176.03500366210938,176.2136993408203,9884365
2025-12-12T19:30:00.000Z,176.2100067138672,176.66000366210938,175.67999267578125,175.90499877929688,10780310
2025-12-12T20:30:00.000Z,175.89999389648438,176.01499938964844,174.6199951171875,174.99000549316406,13955635
2025-12-15T14:30:00.000Z,177,178.33990478515625,175.031005859375,175.45159912109375,33169711
2025-12-15T15:30:00.000Z,175.44000244140625,178.4149932861328,175.33999633789062,178.2519989013672,15840736
2025-12-15T16:30:00.000Z,178.25999450683594,178.32000732421875,177.17999267578125,177.59500122070312,10379090
2025-12-15T17:30:00.000Z,177.5998992919922,177.97000122070312,176.80999755859375,177.125,9608800
2025-12-15T18:30:00.000Z,177.11000061035156,177.66000366210938,176.67999267578125,177.13999938964844,8950468
2025-12-15T19:30:00.000Z,177.14999389648438,177.2449951171875,176.1199951171875,176.3300018310547,11198952
2025-12-15T20:30:00.000Z,176.3300018310547,176.8300018310547,175.91000366210938,176.22999572753906,11393170
2025-12-16T14:30:00.000Z,176.25999450683594,177.49000549316406,174.89999389648438,176.1501007080078,26259399
2025-12-16T15:30:00.000Z,176.14999389648438,177.30499267578125,175.57000732421875,176.02000427246094,14639694
2025-12-16T16:30:00.000Z,176.02000427246094,177.0915985107422,175.69009399414062,176.48500061035156,11094691
2025-12-16T17:30:00.000Z,176.47999572753906,176.97500610351562,176.10000610351562,176.22000122070312,8514374
2025-12-16T18:30:00.000Z,176.22000122070312,177.67999267578125,176.02000427246094,176.74000549316406,11202122
2025-12-16T19:30:00.000Z,176.7449951171875,177.19000244140625,176.5050048828125,177.17880249023438,8161125
2025-12-16T20:30:00.000Z,177.1750030517578,178.19500732421875,177.1699981689453,177.50999450683594,9954348
2025-12-17T14:30:00.000Z,176.10000610351562,176.1300048828125,173.38499450683594,174.3800048828125,35267097
2025-12-17T15:30:00.000Z,174.3699951171875,174.4499969482422,170.6300048828125,171.13499450683594,28410068
2025-12-17T16:30:00.000Z,171.1300048828125,171.72999572753906,170.30999755859375,171.4499053955078,18913757
2025-12-17T17:30:00.000Z,171.4499969482422,172.82000732421875,171.30999755859375,172.25,15329123
2025-12-17T18:30:00.000Z,172.24000549316406,172.3300018310547,170.85009765625,170.9499053955078,12530990
2025-12-17T19:30:00.000Z,170.92999267578125,171.69000244140625,170.66009521484375,171.19000244140625,13027015
2025-12-17T20:30:00.000Z,171.19000244140625,171.82000732421875,170.75,170.9199981689453,13015782
2025-12-18T14:30:00.000Z,174.52999877929688,175.25,171.82000732421875,175.0399932861328,34559711
2025-12-18T15:30:00.000Z,175.0399932861328,176.14999389648438,174.75999450683594,174.88009643554688,18553063
2025-12-18T16:30:00.000Z,174.8699951171875,176.0399932861328,173.72999572753906,174.0399932861328,14253404
2025-12-18T17:30:00.000Z,174.02999877929688,175.3800048828125,173.91000366210938,174.91439819335938,9934049
2025-12-18T18:30:00.000Z,174.91000366210938,175.22999572753906,174.24000549316406,174.5500030517578,8742821
2025-12-18T19:30:00.000Z,174.55999755859375,174.89999389648438,173.66000366210938,174.6750030517578,9852863
2025-12-18T20:30:00.000Z,174.67250061035156,174.9600067138672,173.92999267578125,174.00999450683594,9023413
2025-12-19T14:30:00.000Z,176.6649932861328,180.6999969482422,176.35000610351562,178.66000366210938,59589348
2025-12-19T15:30:00.000Z,178.63999938964844,179.57000732421875,178.35000610351562,179.3000030517578,18218903
2025-12-19T16:30:00.000Z,179.32000732421875,180.99000549316406,179.27000427246094,180.5200958251953,17015994
2025-12-19T17:30:00.000Z,180.5200958251953,181.07000732421875,179.76499938964844,179.96499633789062,12073476
2025-12-19T18:30:00.000Z,179.96400451660156,180.8000030517578,179.42999267578125,180.57420349121094,10984702
2025-12-19T19:30:00.000Z,180.57000732421875,180.97999572753906,180.22999572753906,180.44850158691406,11564864
2025-12-19T20:30:00.000Z,180.44000244140625,181.4499969482422,179.94009399414062,180.99000549316406,15328254
2025-12-22T14:30:00.000Z,183.3800048828125,183.94000244140625,182.49000549316406,183.39999389648438,27990203
2025-12-22T15:30:00.000Z,183.41000366210938,184.16000366210938,182.6699981689453,183.6300048828125,13547290
2025-12-22T16:30:00.000Z,183.6199951171875,183.6649932861328,183.00999450683594,183.10000610351562,8157060
2025-12-22T17:30:00.000Z,183.10499572753906,183.3000030517578,182.7899932861328,183.22560119628906,6320882
2025-12-22T18:30:00.000Z,183.22999572753906,183.48500061035156,182.99000549316406,183.3800048828125,6294933
2025-12-22T19:30:00.000Z,183.38999938964844,183.57679748535156,183.1999969482422,183.28500366210938,6554015
2025-12-22T20:30:00.000Z,183.28500366210938,183.8000030517578,183.23500061035156,183.61000061035156,6999578
2025-12-23T14:30:00.000Z,184.39480590820312,185.47999572753906,183.5,185.27499389648438,26864696
2025-12-23T15:30:00.000Z,185.27999877929688,188.0500030517578,185.10000610351562,187.91009521484375,22108447
2025-12-23T16:30:00.000Z,187.9149932861328,188.6300048828125,187.1199951171875,188.2144012451172,16947493
2025-12-23T17:30:00.000Z,188.22000122070312,188.47999572753906,187.77999877929688,187.9949951171875,10350335
2025-12-23T18:30:00.000Z,187.9949951171875,188.8000030517578,187.89999389648438,188.61810302734375,9891144
2025-12-23T19:30:00.000Z,188.61000061035156,188.86000061035156,188.3800048828125,188.78640747070312,9766022
2025-12-23T20:30:00.000Z,188.77999877929688,189.3300018310547,188.7100067138672,189.2100067138672,11919210
2025-12-24T14:30:00.000Z,188,188.72000122070312,186.58999633789062,187.22999572753906,21232093
2025-12-24T15:30:00.000Z,187.22650146484375,188.02999877929688,186.95089721679688,187.94500732421875,10515515
2025-12-24T16:30:00.000Z,187.94500732421875,188.47999572753906,187.9199981689453,188.22500610351562,9095497
2025-12-24T18:00:00.000Z,188.22500610351562,189.2100067138672,187.11000061035156,188.27999877929688,0
2025-12-26T14:30:00.000Z,190,192.2899932861328,189.61000061035156,191.5800018310547,32978539
2025-12-26T15:30:00.000Z,191.57000732421875,192.19000244140625,190.8300018310547,191.02499389648438,13650116
2025-12-26T16:30:00.000Z,191.03700256347656,191.35000610351562,190.4600067138672,190.77969360351562,8711783
2025-12-26T17:30:00.000Z,190.77000427246094,191.55999755859375,190.6300048828125,191.53289794921875,10091526
2025-12-26T18:30:00.000Z,191.53500366210938,192.69000244140625,191.49000549316406,192.24000549316406,12249349
2025-12-26T19:30:00.000Z,192.24440002441406,192.30999755859375,191.38380432128906,191.42999267578125,8713789
2025-12-26T20:30:00.000Z,191.4199981689453,191.67300415039062,190.4199981689453,190.5399932861328,41818252
2025-12-29T14:30:00.000Z,187,188.7550048828125,185.91000366210938,187.2550048828125,29356608
2025-12-29T15:30:00.000Z,187.25999450683594,187.73500061035156,186.47999572753906,187.24459838867188,13079563
2025-12-29T16:30:00.000Z,187.24000549316406,187.5800018310547,186.7899932861328,186.8800048828125,7754465
2025-12-29T17:30:00.000Z,186.87989807128906,187.639892578125,186.80999755859375,187.45989990234375,6845200
2025-12-29T18:30:00.000Z,187.4550018310547,187.83999633789062,187.0500030517578,187.375,6599620
2025-12-29T19:30:00.000Z,187.3800048828125,188.10499572753906,187.3699951171875,187.96449279785156,7541351
2025-12-29T20:30:00.000Z,187.97000122070312,188.39999389648438,187.74009704589844,188.22999572753906,36852071
2025-12-30T14:30:00.000Z,188.375,188.92999267578125,186.92999267578125,187.17030334472656,19456481
2025-12-30T15:30:00.000Z,187.1699981689453,188.50999450683594,187.10499572753906,188.25999450683594,11898733
2025-12-30T16:30:00.000Z,188.25,188.41000366210938,187.72999572753906,187.90989685058594,7392734
2025-12-30T17:30:00.000Z,187.90499877929688,188.25,187.6999969482422,188.21600341796875,6543003
2025-12-30T18:30:00.000Z,188.2100067138672,188.35499572753906,187.9001007080078,188.15420532226562,5905084
2025-12-30T19:30:00.000Z,188.14999389648438,188.1999969482422,187.41000366210938,187.5800018310547,7428329
2025-12-30T20:30:00.000Z,187.5800018310547,187.9250030517578,187.5,187.5500030517578,5948220
2025-12-31T14:30:00.000Z,189.75,190.55999755859375,188.08999633789062,189.01499938964844,24722821
2025-12-31T15:30:00.000Z,189.00999450683594,189.13999938964844,188.158203125,188.8459930419922,10366144
2025-12-31T16:30:00.000Z,188.84500122070312,189.27999877929688,188.67999267578125,188.91990661621094,8109664
2025-12-31T17:30:00.000Z,188.91600036621094,189.02000427246094,188.5,188.97000122070312,6642986
2025-12-31T18:30:00.000Z,188.96499633789062,189.05499267578125,188.00999450683594,188.0449981689453,7697467
2025-12-31T19:30:00.000Z,188.0500030517578,188.0998992919922,187.08999633789062,187.13499450683594,8876958
2025-12-31T20:30:00.000Z,187.13999938964844,187.47000122070312,186.49000549316406,186.49000549316406,8547159
2026-01-02T14:30:00.000Z,190,192.92990112304688,189.7301025390625,190.58900451660156,32940503
2026-01-02T15:30:00.000Z,190.57000732421875,191.73500061035156,188.2899932861328,189.59939575195312,18539784
2026-01-02T16:30:00.000Z,189.60000610351562,190.06500244140625,189.0800018310547,189.47999572753906,9782720
2026-01-02T17:30:00.000Z,189.5,189.94000244140625,189.16000366210938,189.3616943359375,8182942
2026-01-02T18:30:00.000Z,189.3699951171875,189.6999969482422,188.25999450683594,189.20570373535156,10067165
2026-01-02T19:30:00.000Z,189.2050018310547,189.6199951171875,188.5500030517578,188.9550018310547,9185520
2026-01-02T20:30:00.000Z,188.9499969482422,189.0399932861328,188.47999572753906,188.80990600585938,7525907
2026-01-05T14:30:00.000Z,191.71499633789062,193.6300048828125,189.38999938964844,190.0749969482422,32125631
2026-01-05T15:30:00.000Z,190.07000732421875,190.88999938964844,189.25999450683594,190.19000244140625,16588778
2026-01-05T16:30:00.000Z,190.18499755859375,190.49000549316406,187.07000732421875,187.6199951171875,18571029
2026-01-05T17:30:00.000Z,187.61000061035156,188.10000610351562,186.9949951171875,187.78500366210938,13995168
2026-01-05T18:30:00.000Z,187.77999877929688,188.24000549316406,186.3800048828125,186.64320373535156,13535787
2026-01-05T19:30:00.000Z,186.64999389648438,187.57000732421875,186.14999389648438,187.47000122070312,14354077
2026-01-05T20:30:00.000Z,187.47000122070312,188.16000366210938,187.27999877929688,188.11000061035156,11088428
2026-01-06T14:30:00.000Z,190.42999267578125,192.1739959716797,189.1300048828125,191.39999389648438,34692681
2026-01-06T15:30:00.000Z,191.3896026611328,191.52499389648438,187.8699951171875,188.58999633789062,21434069
2026-01-06T16:30:00.000Z,188.58999633789062,190.02999877929688,188.39500427246094,189.03990173339844,16404130
2026-01-06T17:30:00.000Z,189.0399932861328,189.6999969482422,188.27000427246094,188.2899932861328,10313216
2026-01-06T18:30:00.000Z,188.17999267578125,188.3000030517578,187.52000427246094,187.9600067138672,11187185
2026-01-06T19:30:00.000Z,188.0500030517578,188.27999877929688,186.87010192871094,186.94000244140625,11264316
2026-01-06T20:30:00.000Z,186.94000244140625,187.64999389648438,186.82000732421875,187.25,6829507
2026-01-07T14:30:00.000Z,188.57000732421875,191.36000061035156,186.55999755859375,191.01499938964844,32512869
2026-01-07T15:30:00.000Z,191.02000427246094,191.0709991455078,188.47000122070312,189.5800018310547,20307873
2026-01-07T16:30:00.000Z,189.57000732421875,190.60000610351562,189.46499633789062,190.0030059814453,10444458
2026-01-07T17:30:00.000Z,190.0050048828125,190.2100067138672,189.5800018310547,189.625,6648717
2026-01-07T18:30:00.000Z,189.625,190,189.1999969482422,189.2801055908203,8125097
2026-01-07T19:30:00.000Z,189.28500366210938,189.77999877929688,188.75,188.99000549316406,8539006
2026-01-07T20:30:00.000Z,188.97999572753906,189.25999450683594,188.77499389648438,189.25,6966964
2026-01-08T14:30:00.000Z,189,189.3800048828125,184.66009521484375,186.10000610351562,31476671
2026-01-08T15:30:00.000Z,186.0800018310547,186.9499969482422,184.6199951171875,184.8800048828125,20521041
2026-01-08T16:30:00.000Z,184.8699951171875,185.44500732421875,184.05999755859375,184.25579833984375,12549620
2026-01-08T17:30:00.000Z,184.2550048828125,184.8800048828125,183.8300018310547,184.75,11927382
2026-01-08T18:30:00.000Z,184.74000549316406,184.88999938964844,183.7100067138672,184.14999389648438,10808506
2026-01-08T19:30:00.000Z,184.15499877929688,185.27000427246094,184.13999938964844,185.18649291992188,11122410
2026-01-08T20:30:00.000Z,185.2100067138672,185.33999633789062,184.64999389648438,185.1300048828125,51790464
2026-01-09T14:30:00.000Z,185.05499267578125,185.82000732421875,183.67010498046875,184.96200561523438,24696951
2026-01-09T15:30:00.000Z,184.99000549316406,185.61000061035156,184.30999755859375,185.30999755859375,13379947
2026-01-09T16:30:00.000Z,185.30499267578125,185.6999969482422,184.69000244140625,184.9541015625,9302538
2026-01-09T17:30:00.000Z,184.9499969482422,185.22999572753906,184.63999938964844,185.18499755859375,8385501
2026-01-09T18:30:00.000Z,185.18499755859375,186.33999633789062,185.0800018310547,185.88009643554688,10340638
2026-01-09T19:30:00.000Z,185.88499450683594,186.0800018310547,185.50999450683594,185.55499267578125,8241985
2026-01-09T20:30:00.000Z,185.5500030517578,185.63999938964844,184.80999755859375,184.85000610351562,7572604
2026-01-12T14:30:00.000Z,183.19000244140625,186.1999969482422,183.1199951171875,184.6199951171875,22194605
2026-01-12T15:30:00.000Z,184.61549377441406,185.28500366210938,183.72999572753906,185.23989868164062,13447414
2026-01-12T16:30:00.000Z,185.23500061035156,186.89500427246094,184.63999938964844,186.28500366210938,12658198
2026-01-12T17:30:00.000Z,186.27999877929688,186.8800048828125,185.8000030517578,186.7801055908203,9970852
2026-01-12T18:30:00.000Z,186.77999877929688,187.1199951171875,186.51499938964844,186.99000549316406,9084157
2026-01-12T19:30:00.000Z,186.99240112304688,187,185.92010498046875,186.00999450683594,8960960
2026-01-12T20:30:00.000Z,186.0050048828125,186.03750610351562,184.5500030517578,184.89999389648438,7250258
2026-01-13T14:30:00.000Z,184.30999755859375,184.97999572753906,183.6313018798828,183.91749572753906,23396967
2026-01-13T15:30:00.000Z,183.91000366210938,185.8000030517578,183.41000366210938,185.22999572753906,17247104
2026-01-13T16:30:00.000Z,185.24000549316406,188.10989379882812,185.08999633789062,186.39999389648438,18595078
2026-01-13T17:30:00.000Z,186.39999389648438,186.5865020751953,184.58999633789062,185.0699005126953,12037560
2026-01-13T18:30:00.000Z,185.07000732421875,185.1699981689453,184.42999267578125,184.78990173339844,9161964
2026-01-13T19:30:00.000Z,184.77999877929688,184.8800048828125,184.21499633789062,184.72000122070312,10894475
2026-01-13T20:30:00.000Z,184.7227020263672,185.85000610351562,184.50010681152344,185.82000732421875,9301670
2026-01-14T14:30:00.000Z,184.3300018310547,184.4499969482422,180.91000366210938,181.6750030517578,31179261
2026-01-14T15:30:00.000Z,181.65460205078125,182.6300048828125,181.23500061035156,181.98500061035156,13745617
2026-01-14T16:30:00.000Z,181.99169921875,182.1300048828125,181.3625030517578,182.10000610351562,10577549
2026-01-14T17:30:00.000Z,182.08999633789062,182.32000732421875,181.5449981689453,182.22000122070312,9658660
2026-01-14T18:30:00.000Z,182.22000122070312,182.25,181.5500946044922,181.82000732421875,8195076
2026-01-14T19:30:00.000Z,181.83999633789062,182.61000061035156,180.8300018310547,182.14999389648438,12799407
2026-01-14T20:30:00.000Z,182.14999389648438,183.3300018310547,182.07000732421875,183.1699981689453,10193733
2026-01-15T14:30:00.000Z,186.49000549316406,189.17999267578125,186.38499450683594,187.60000610351562,41062050
2026-01-15T15:30:00.000Z,187.60000610351562,188.5500030517578,186.83009338378906,187.5200958251953,15913647
2026-01-15T16:30:00.000Z,187.50999450683594,189.2899932861328,187.3300018310547,188.61349487304688,17182601
2026-01-15T17:30:00.000Z,188.6199951171875,189.24000549316406,188.14999389648438,189.2301025390625,11251165
2026-01-15T18:30:00.000Z,189.22999572753906,189.6999969482422,188.23500061035156,188.39500427246094,13200932
2026-01-15T19:30:00.000Z,188.38999938964844,189.38499450683594,187.17999267578125,187.4250030517578,16006085
2026-01-15T20:30:00.000Z,187.4199981689453,187.52999877929688,186.3300018310547,187.13999938964844,11812011
2026-01-16T14:30:00.000Z,188.9875030517578,190.44000244140625,187.62010192871094,187.63839721679688,38626121
2026-01-16T15:30:00.000Z,187.63009643554688,188.1696014404297,187.08999633789062,187.99000549316406,14426542
2026-01-16T16:30:00.000Z,187.98500061035156,188.375,187.6300048828125,188.02999877929688,10840609
2026-01-16T17:30:00.000Z,188.02000427246094,188.25,187.42999267578125,187.93499755859375,10212531
2026-01-16T18:30:00.000Z,187.94000244140625,188.4136962890625,187.64500427246094,187.69000244140625,8760813
2026-01-16T19:30:00.000Z,187.6800994873047,188.02499389648438,187.61500549316406,187.74000549316406,9080726
2026-01-16T20:30:00.000Z,187.74000549316406,187.86000061035156,186.0800018310547,186.22999572753906,11380197
2026-01-20T14:30:00.000Z,181.89999389648438,182.375,179.58999633789062,180.8000030517578,43771661
2026-01-20T15:30:00.000Z,180.77000427246094,181.85000610351562,179.81500244140625,180.3199005126953,22206399
2026-01-20T16:30:00.000Z,180.31500244140625,180.47999572753906,179.55999755859375,180.0198974609375,17266194
2026-01-20T17:30:00.000Z,180.00999450683594,180.08999633789062,179.27000427246094,179.52000427246094,11847931
2026-01-20T18:30:00.000Z,179.5,179.97999572753906,178.89999389648438,179.43499755859375,12605910
2026-01-20T19:30:00.000Z,179.41000366210938,179.63999938964844,178.35499572753906,178.4949951171875,12805916
2026-01-20T20:30:00.000Z,178.4949951171875,178.92999267578125,177.6199951171875,178.2100067138672,15203988
2026-01-21T14:30:00.000Z,179.55999755859375,180.96009826660156,178.47000122070312,180.80999755859375,29335835
2026-01-21T15:30:00.000Z,180.80999755859375,183.74000549316406,180.6999969482422,182.73550415039062,20623671
2026-01-21T16:30:00.000Z,182.72000122070312,182.75,179.35000610351562,179.43499755859375,17371067
2026-01-21T17:30:00.000Z,179.43499755859375,180.50999450683594,179.19500732421875,180.2449951171875,11214251
2026-01-21T18:30:00.000Z,180.26010131835938,183.08999633789062,180.14010620117188,182.97999572753906,11543198
2026-01-21T19:30:00.000Z,183.39500427246094,185.37899780273438,182.86000061035156,183.7899932861328,23163131
2026-01-21T20:30:00.000Z,183.77999877929688,184.72000122070312,183.05999755859375,183.33999633789062,12397797
2026-01-22T14:30:00.000Z,184.7449951171875,186.16000366210938,183.92999267578125,184.8699951171875,28406345
2026-01-22T15:30:00.000Z,184.8699951171875,185.8350067138672,184.47999572753906,185.73550415039062,12426040
2026-01-22T16:30:00.000Z,185.73399353027344,186.1699981689453,184.66000366210938,184.97500610351562,12791044
2026-01-22T17:30:00.000Z,185.08999633789062,185.23500061035156,184.4149932861328,184.72549438476562,10628000
2026-01-22T18:30:00.000Z,184.7100067138672,184.8800048828125,184.2805938720703,184.65499877929688,7722229
2026-01-22T19:30:00.000Z,184.64999389648438,184.86000061035156,184.08999633789062,184.11000061035156,9579577
2026-01-22T20:30:00.000Z,184.10000610351562,184.8699951171875,183.92999267578125,184.85000610351562,7635148
2026-01-23T14:30:00.000Z,188.52000427246094,189.44000244140625,186.82330322265625,187.65499877929688,31955472
2026-01-23T15:30:00.000Z,187.64500427246094,188.08999633789062,187.1300048828125,187.75999450683594,11124786
2026-01-23T16:30:00.000Z,187.75,188.1999969482422,187.19500732421875,187.74009704589844,10929660
2026-01-23T17:30:00.000Z,187.75,188.09500122070312,187.14500427246094,187.89500427246094,9086987
2026-01-23T18:30:00.000Z,187.80999755859375,188.41000366210938,187.51499938964844,187.8300018310547,8542009
2026-01-23T19:30:00.000Z,187.80999755859375,188.02999877929688,187.11000061035156,187.22999572753906,9352645
2026-01-23T20:30:00.000Z,187.22000122070312,187.9149932861328,187.13999938964844,187.6699981689453,7833866
2026-01-26T14:30:00.000Z,187.07000732421875,189.1199951171875,186.85000610351562,187.3459930419922,26709879
2026-01-26T15:30:00.000Z,187.33450317382812,187.61000061035156,186.00999450683594,186.80499267578125,14032874
2026-01-26T16:30:00.000Z,186.7899932861328,187.24000549316406,186.44000244140625,186.66000366210938,8942861
2026-01-26T17:30:00.000Z,186.63999938964844,186.7100067138672,185.99000549316406,186.42999267578125,8131157
2026-01-26T18:30:00.000Z,186.41000366210938,187.0800018310547,186.41000366210938,186.5749969482422,7632265
2026-01-26T19:30:00.000Z,186.56869506835938,186.67999267578125,186,186.44500732421875,7964393
2026-01-26T20:30:00.000Z,186.4499969482422,186.8000030517578,186.24000549316406,186.38999938964844,6378125
2026-01-27T14:30:00.000Z,187.24000549316406,189.5050048828125,185.6999969482422,188.91510009765625,26462339
2026-01-27T15:30:00.000Z,188.9199981689453,190,188.88999938964844,189.70579528808594,15491427
2026-01-27T16:30:00.000Z,189.7100067138672,190,189.41000366210938,189.68499755859375,9426192
2026-01-27T17:30:00.000Z,189.69000244140625,190,188.89999389648438,189.48500061035156,11268576
2026-01-27T18:30:00.000Z,189.49000549316406,189.77999877929688,189.0449981689453,189.125,9872166
2026-01-27T19:30:00.000Z,189.1300048828125,189.72000122070312,188.9499969482422,189.4250030517578,10276591
2026-01-27T20:30:00.000Z,189.4199981689453,189.42999267578125,188.47279357910156,188.5399932861328,7688049
2026-01-28T14:30:00.000Z,191.2899932861328,192.35000610351562,190.1300048828125,191.40499877929688,29505783
2026-01-28T15:30:00.000Z,191.40499877929688,192.03990173339844,190.72300720214844,191.77999877929688,14818854
2026-01-28T16:30:00.000Z,191.77000427246094,191.77000427246094,189.83999633789062,191.09579467773438,14169875
2026-01-28T17:30:00.000Z,191.0850067138672,191.78799438476562,190.8249969482422,191.72000122070312,9289559
2026-01-28T18:30:00.000Z,191.73500061035156,192.2100067138672,191.3800048828125,191.52000427246094,10051502
2026-01-28T19:30:00.000Z,191.50999450683594,192.32000732421875,190.90370178222656,191.6230010986328,12697817
2026-01-28T20:30:00.000Z,191.6199951171875,191.7899932861328,190.8699951171875,191.52999877929688,8805361
2026-01-29T14:30:00.000Z,191.33999633789062,193.47999572753906,188.2899932861328,188.92999267578125,31030481
2026-01-29T15:30:00.000Z,188.92999267578125,189,186.05999755859375,187.8350067138672,21813216
2026-01-29T16:30:00.000Z,187.8300018310547,189.83999633789062,187.69000244140625,189.5449981689453,13577127
2026-01-29T17:30:00.000Z,189.5399932861328,190.69000244140625,189.1699981689453,190.05499267578125,12734523
2026-01-29T18:30:00.000Z,190.05999755859375,190.77999877929688,189.7050018310547,190.36000061035156,9429560
2026-01-29T19:30:00.000Z,190.36000061035156,191.4499969482422,190.02000427246094,190.94500732421875,10769502
2026-01-29T20:30:00.000Z,190.93499755859375,192.77000427246094,190.86000061035156,192.42999267578125,12608605
2026-01-30T14:30:00.000Z,191.21499633789062,193.42999267578125,190.90960693359375,191.65499877929688,26075854
2026-01-30T15:30:00.000Z,191.64500427246094,194.49000549316406,191.22500610351562,192.231201171875,19846637
2026-01-30T16:30:00.000Z,192.2191925048828,193.07000732421875,191.5800018310547,192.8300018310547,11799373
2026-01-30T17:30:00.000Z,192.8350067138672,193.02999877929688,190.49000549316406,191.27000427246094,11668363
2026-01-30T18:30:00.000Z,191.27999877929688,191.9199981689453,190.52000427246094,191.47000122070312,9782631
2026-01-30T19:30:00.000Z,191.47000122070312,191.69500732421875,189.47000122070312,189.84500122070312,10858809
2026-01-30T20:30:00.000Z,189.83999633789062,191.74000549316406,189.7899932861328,191.28500366210938,11972764
2026-02-02T14:30:00.000Z,187.1999969482422,189.1750030517578,186.4199981689453,188.58749389648438,28506208
2026-02-02T15:30:00.000Z,188.57000732421875,189.3800048828125,187.8699951171875,189.139892578125,12533608
2026-02-02T16:30:00.000Z,189.1300048828125,189.8249969482422,188.5050048828125,189.21009826660156,10100066
2026-02-02T17:30:00.000Z,189.21009826660156,190.3000030517578,189.11000061035156,189.73500061035156,9818832
2026-02-02T18:30:00.000Z,189.72999572753906,190.10000610351562,189.47000122070312,189.9199981689453,7851619
2026-02-02T19:30:00.000Z,189.9149932861328,189.9600067138672,186.08009338378906,186.1750030517578,16398097
2026-02-02T20:30:00.000Z,186.18499755859375,186.30999755859375,184.8800048828125,185.69000244140625,14576292
2026-02-03T14:30:00.000Z,186.23500061035156,186.24000549316406,179.55999755859375,180.29989624023438,36764666
2026-02-03T15:30:00.000Z,180.27999877929688,180.9600067138672,179.0800018310547,179.10000610351562,18459623
2026-02-03T16:30:00.000Z,179.09010314941406,180.49000549316406,179.09010314941406,180.00010681152344,13626585
2026-02-03T17:30:00.000Z,180,180.0749969482422,178.64999389648438,179.1584930419922,50779155
2026-02-03T18:30:00.000Z,179.14500427246094,179.52000427246094,178.0500030517578,178.69500732421875,0
2026-02-03T19:30:00.000Z,178.6750030517578,179.02000427246094,176.22999572753906,178.69700622558594,19572051
2026-02-03T20:30:00.000Z,178.69509887695312,180.48500061035156,178.67999267578125,180.3300018310547,12029640
2026-02-04T14:30:00.000Z,179.44000244140625,179.57000732421875,176.6199951171875,177.19520568847656,26799337
2026-02-04T15:30:00.000Z,177.1999969482422,177.55999755859375,174.4842071533203,175.25,20952975
2026-02-04T16:30:00.000Z,175.24000549316406,175.3000030517578,173.27000427246094,173.35000610351562,16589189
2026-02-04T17:30:00.000Z,173.33999633789062,174.32000732421875,171.91000366210938,174.12660217285156,18911010
2026-02-04T18:30:00.000Z,174.13999938964844,175.00999450683594,172.89999389648438,174.94009399414062,13287616
2026-02-04T19:30:00.000Z,174.92999267578125,176.13999938964844,174.25,175.27099609375,15314438
2026-02-04T20:30:00.000Z,175.27110290527344,175.88999938964844,174.19500732421875,174.1999969482422,11531460
2026-02-05T14:30:00.000Z,174.9250030517578,176.80999755859375,171.30999755859375,171.5850067138672,35556583
2026-02-05T15:30:00.000Z,171.5800018310547,174.25999450683594,171.44000244140625,174.2550048828125,18782253
2026-02-05T16:30:00.000Z,174.27000427246094,175.77479553222656,174.17999267578125,175.28500366210938,14405499
2026-02-05T17:30:00.000Z,175.29989624023438,175.6999969482422,174.02000427246094,174.3300018310547,9909346
2026-02-05T18:30:00.000Z,174.30999755859375,174.74000549316406,172.89999389648438,173.6699981689453,11166823
2026-02-05T19:30:00.000Z,173.65499877929688,174.22000122070312,172.1699981689453,172.26010131835938,11241371
2026-02-05T20:30:00.000Z,172.25,172.5,171.02999877929688,171.82000732421875,11583645
2026-02-06T14:30:00.000Z,176.69000244140625,182.88499450683594,174.60000610351562,182.64999389648438,43992598
2026-02-06T15:30:00.000Z,182.6425018310547,184.2899932861328,181.8000030517578,183.97999572753906,23254485
2026-02-06T16:30:00.000Z,183.97999572753906,184.64500427246094,182.91000366210938,184.5312042236328,16217369
2026-02-06T17:30:00.000Z,184.52000427246094,185.1699981689453,184.2100067138672,184.5102996826172,13680434
2026-02-06T18:30:00.000Z,184.5135040283203,185.02000427246094,184.13499450683594,184.44500732421875,9404085
2026-02-06T19:30:00.000Z,184.4499969482422,185.58999633789062,184.3000030517578,185.3350067138672,14219330
2026-02-06T20:30:00.000Z,185.3300018310547,187,185.1999969482422,185.41000366210938,15861985
2026-02-09T14:30:00.000Z,184.10000610351562,193.66000366210938,184,190.66000366210938,52895611
2026-02-09T15:30:00.000Z,190.6999969482422,192.14999389648438,190.6999969482422,191.8249969482422,16568890
2026-02-09T16:30:00.000Z,191.80999755859375,192.52000427246094,191.30499267578125,191.58999633789062,13787785
2026-02-09T17:30:00.000Z,191.58999633789062,192.05990600585938,190.77999877929688,190.9929962158203,9397729
2026-02-09T18:30:00.000Z,190.985107421875,191.5,190.63999938964844,191.00999450683594,9257464
2026-02-09T19:30:00.000Z,191.0050048828125,198.72500610351562,189.6300048828125,189.89999389648438,12988392
2026-02-09T20:30:00.000Z,189.88999938964844,190.5,189.53500366210938,189.7899932861328,10705934
2026-02-10T14:30:00.000Z,191.40499877929688,192.47999572753906,188.1199951171875,189.17320251464844,29239093
2026-02-10T15:30:00.000Z,189.16000366210938,190.3300018310547,188.84500122070312,189.12010192871094,13633209
2026-02-10T16:30:00.000Z,189.1199951171875,190.16000366210938,188.91000366210938,189.69000244140625,8843117
2026-02-10T17:30:00.000Z,189.67999267578125,190.44000244140625,189.19000244140625,189.2449951171875,8346711
2026-02-10T18:30:00.000Z,189.24000549316406,189.60000610351562,189.07000732421875,189.21499633789062,6039719
2026-02-10T19:30:00.000Z,189.22000122070312,189.55499267578125,188.4199981689453,189.10000610351562,9308355
2026-02-10T20:30:00.000Z,189.10000610351562,189.42999267578125,188.3800048828125,188.61000061035156,6982075
2026-02-11T14:30:00.000Z,192.4199981689453,193.25999450683594,188.77000427246094,188.9199981689453,32129202
2026-02-11T15:30:00.000Z,188.9250030517578,192.18499755859375,188.8699951171875,191.289794921875,18144329
2026-02-11T16:30:00.000Z,191.27999877929688,192.10499572753906,190.3699951171875,191.98500061035156,11344285
2026-02-11T17:30:00.000Z,191.97999572753906,192.27999877929688,191.10000610351562,191.43099975585938,8748863
2026-02-11T18:30:00.000Z,191.44000244140625,192.2100067138672,190.97000122070312,192.0449981689453,7656291
2026-02-11T19:30:00.000Z,192.0399932861328,192.15499877929688,190.9550018310547,191.05999755859375,7857075
2026-02-11T20:30:00.000Z,191.0500030517578,191.36000061035156,189.9600067138672,190.02999877929688,7713715
2026-02-12T14:30:00.000Z,193.02999877929688,193.60000610351562,190.52000427246094,191.69000244140625,27666471
2026-02-12T15:30:00.000Z,191.70069885253906,191.8199005126953,187.24000549316406,187.30499267578125,20283149
2026-02-12T16:30:00.000Z,187.32000732421875,189.97999572753906,187.22999572753906,189.5749969482422,14914347
2026-02-12T17:30:00.000Z,189.55999755859375,190.52999877929688,188.5399932861328,189.25,12965171
2026-02-12T18:30:00.000Z,189.25,190,188.9199981689453,189.0500030517578,9508266
2026-02-12T19:30:00.000Z,189.07000732421875,189.47999572753906,187.50999450683594,187.60000610351562,10523188
2026-02-12T20:30:00.000Z,187.58999633789062,187.97999572753906,186.50999450683594,186.91000366210938,11600879
2026-02-13T14:30:00.000Z,187.46499633789062,187.47000122070312,182.17999267578125,184.0800018310547,36099600
2026-02-13T15:30:00.000Z,184.05999755859375,185.17999267578125,182.30130004882812,183.59500122070312,16832869
2026-02-13T16:30:00.000Z,183.58999633789062,184.7100067138672,183.0850067138672,184.5500030517578,9913912
2026-02-13T17:30:00.000Z,184.55999755859375,184.97999572753906,183.4600067138672,184.22000122070312,8906348
2026-02-13T18:30:00.000Z,184.24000549316406,184.86000061035156,183.55999755859375,183.69000244140625,6974694
2026-02-13T19:30:00.000Z,183.72000122070312,184.27999877929688,182.0500030517578,182.30589294433594,11523863
2026-02-13T20:30:00.000Z,182.2949981689453,183.1199951171875,181.58999633789062,182.78500366210938,11695004
2026-02-17T14:30:00.000Z,181.72000122070312,183.4199981689453,179.17999267578125,180.41000366210938,27099755
2026-02-17T15:30:00.000Z,180.39999389648438,184.3699951171875,179.27000427246094,183.5800018310547,18859264
2026-02-17T16:30:00.000Z,183.57000732421875,184.75,183.19000244140625,184.7050018310547,12755043
2026-02-17T17:30:00.000Z,184.7449951171875,185.5,183.6199951171875,185.35000610351562,12008333
2026-02-17T18:30:00.000Z,185.36000061035156,186.4499053955078,185,186.41700744628906,10075969
2026-02-17T19:30:00.000Z,186.42999267578125,187.14999389648438,185.3300018310547,185.4250030517578,11583987
2026-02-17T20:30:00.000Z,185.3800048828125,185.5,184.36000061035156,184.97999572753906,9243775
2026-02-18T14:30:00.000Z,188.75,190.2299041748047,187.35000610351562,189.77569580078125,45553682
2026-02-18T15:30:00.000Z,189.77000427246094,190.3699951171875,189.25,189.77499389648438,13554212
2026-02-18T16:30:00.000Z,189.77000427246094,189.9550018310547,188.66000366210938,189.139892578125,11122908
2026-02-18T17:30:00.000Z,189.139892578125,189.69500732421875,188.89500427246094,188.94000244140625,33107150
2026-02-18T18:30:00.000Z,188.94000244140625,189.12989807128906,188.1999969482422,188.56419372558594,9756650
2026-02-18T19:30:00.000Z,188.55499267578125,188.6699981689453,186.75999450683594,186.97000122070312,125336330
2026-02-18T20:30:00.000Z,186.9600067138672,187.3800048828125,186.91000366210938,187.3800048828125,308921
2026-02-18T20:31:06.000Z,187.38999938964844,187.38999938964844,187.38999938964844,187.38999938964844,0
